Target,Source,Weight
zentol,tillrohrmann,277
tillrohrmann,zentol,230
HuangXingBo,dianfu,152
tillrohrmann,GJL,103
zentol,XComp,95
twalthr,dawidwys,94
rmetzger,zentol,93
bowenli86,xuefuz,91
lirui-apache,JingsongLi,86
slinkydeveloper,twalthr,85
GJL,tillrohrmann,82
dawidwys,twalthr,78
leonardBang,wuchong,73
dianfu,HuangXingBo,69
kl0u,aljoscha,67
JingsongLi,wuchong,67
WeiZhong94,dianfu,63
godfreyhe,KurtYoung,62
zentol,rmetzger,61
rkhachatryan,pnowojski,61
JingsongLi,KurtYoung,61
JingsongLi,lirui-apache,60
twalthr,Airblader,59
tisonkun,tillrohrmann,59
dawidwys,aljoscha,59
zhijiangW,pnowojski,58
azagrebin,tillrohrmann,56
godfreyhe,wenlong88,54
KarmaGYZ,xintongsong,52
zhuzhurk,tillrohrmann,52
rkhachatryan,AHeise,49
twalthr,fhueske,48
fsk119,wuchong,47
rmetzger,tillrohrmann,47
yanghua,tillrohrmann,46
zentol,azagrebin,46
wuchong,JingsongLi,46
Airblader,twalthr,45
tillrohrmann,tisonkun,45
tsreaper,JingsongLi,45
matriv,twalthr,44
godfreyhe,wuchong,44
lirui-apache,xuefuz,44
AHeise,pnowojski,42
zentol,aljoscha,42
lirui-apache,bowenli86,41
NicoK,pnowojski,40
zhuzhurk,GJL,40
wangyang0918,tillrohrmann,40
dianfu,sunjincheng121,38
dawidwys,zentol,38
dawidwys,pnowojski,38
aljoscha,zentol,37
aljoscha,kl0u,37
akalash,pnowojski,35
twalthr,wuchong,35
NicoK,zentol,35
dianfu,hequn8128,35
xintongsong,tillrohrmann,35
GJL,zentol,34
NicoK,tillrohrmann,34
zentol,dmvk,34
slinkydeveloper,matriv,34
StefanRRichter,tillrohrmann,34
wuchong,twalthr,34
azagrebin,zentol,34
xintongsong,KarmaGYZ,34
beyond1920,godfreyhe,33
dianfu,WeiZhong94,33
XComp,zentol,32
danny0405,wuchong,32
yanghua,zentol,31
rkhachatryan,Myasuka,31
sunjincheng121,fhueske,31
fapaul,AHeise,30
dawidwys,kl0u,30
shuiqiangchen,dianfu,29
pnowojski,rkhachatryan,28
tillrohrmann,rmetzger,28
twalthr,aljoscha,27
StefanRRichter,aljoscha,27
XComp,tillrohrmann,27
tisonkun,zentol,27
zentol,GJL,27
HuangXingBo,hequn8128,26
docete,wuchong,26
akalash,dawidwys,26
zhijiangW,azagrebin,26
StephanEwen,tillrohrmann,26
AHeise,rkhachatryan,25
zentol,greghogan,25
StephanEwen,zentol,25
wuchong,godfreyhe,25
wuchong,danny0405,24
lirui-apache,wuchong,24
pnowojski,AHeise,24
JingsongLi,leonardBang,24
rkhachatryan,curcur,24
Thesharing,zhuzhurk,24
zjuwangg,bowenli86,23
zhuzhurk,zentol,23
wuchong,leonardBang,23
Myasuka,carp84,23
KarmaGYZ,tillrohrmann,23
wangxlong,wuchong,22
libenchao,wuchong,22
HuangXingBo,WeiZhong94,22
SteNicholas,wuchong,22
xintongsong,wangyang0918,22
bowenli86,lirui-apache,22
beyond1920,wuchong,22
wanglijie95,zhuzhurk,21
zentol,autophagy,21
WeiZhong94,sunjincheng121,21
kl0u,zentol,21
wsry,zhijiangW,21
twalthr,zentol,21
wenlong88,godfreyhe,21
zentol,kl0u,21
zentol,nicoweidner,21
leonardBang,JingsongLi,21
matriv,slinkydeveloper,20
CrynetLogistics,dannycranmer,20
hequn8128,sunjincheng121,20
Myasuka,rkhachatryan,20
shuiqiangchen,hequn8128,20
WeiZhong94,hequn8128,20
wuchong,KurtYoung,19
pnowojski,zentol,19
RocMarshal,wuchong,19
tsreaper,godfreyhe,19
rmetzger,XComp,19
tillrohrmann,azagrebin,18
bowenli86,zjuwangg,18
AHeise,zentol,18
beyond1920,JingsongLi,18
zjuwangg,xuefuz,18
godfreyhe,twalthr,18
aljoscha,dawidwys,18
yanghua,pnowojski,18
curcur,rkhachatryan,18
twalthr,slinkydeveloper,18
WeiZhong94,HuangXingBo,18
pnowojski,dawidwys,17
lirui-apache,zjuwangg,17
zentol,StephanEwen,17
StephanEwen,becketqin,17
gaoyunhaii,dawidwys,17
twalthr,matriv,17
gaoyunhaii,pnowojski,17
wsry,pnowojski,17
StephanEwen,aljoscha,17
yanghua,GJL,17
KarmaGYZ,zentol,17
hequn8128,dianfu,17
shuai-xu,tillrohrmann,17
tzulitai,aljoscha,16
zhijiangW,zentol,16
becketqin,StephanEwen,16
sunjincheng121,wuchong,16
kl0u,tisonkun,16
tillrohrmann,StefanRRichter,16
docete,JingsongLi,16
kl0u,dawidwys,16
alpreu,fapaul,16
GJL,zhuzhurk,16
Myasuka,zentol,16
tillrohrmann,XComp,16
azagrebin,StefanRRichter,16
dmvk,zentol,15
azagrebin,zhijiangW,15
lirui-apache,KurtYoung,15
zhengcanbin,tisonkun,15
hapihu,wuchong,15
tzulitai,StefanRRichter,15
tzulitai,zentol,15
twalthr,pnowojski,15
zhuzhurk,azagrebin,15
hequn8128,twalthr,14
danny0405,KurtYoung,14
wangyang0918,tisonkun,14
tisonkun,aljoscha,14
docete,KurtYoung,14
zentol,uce,14
pnowojski,StefanRRichter,14
zhijiangW,NicoK,14
MartijnVisser,zentol,14
StefanRRichter,zentol,14
JingsongLi,godfreyhe,14
MartijnVisser,fapaul,14
dmvk,tillrohrmann,14
pnowojski,aljoscha,14
tillrohrmann,StephanEwen,14
vahmed-hamdy,dannycranmer,14
guoweiM,kl0u,14
JingGe,fapaul,13
pnowojski,tillrohrmann,13
xccui,fhueske,13
1u0,pnowojski,13
zhuxiaoshang,wuchong,13
zentol,RyanSkraba,13
zentol,NicoK,13
fapaul,JingGe,13
RocMarshal,klion26,13
tsreaper,wuchong,13
zentol,twalthr,13
wuchong,fhueske,13
fhueske,twalthr,13
kl0u,tillrohrmann,13
tisonkun,kl0u,13
pnowojski,tzulitai,13
wsry,gaoyunhaii,13
pltbkd,gaoyunhaii,13
XComp,dmvk,13
azagrebin,xintongsong,13
xintongsong,azagrebin,13
godfreyhe,JingsongLi,13
mans2singh,leonardBang,13
dawidwys,wuchong,13
hapihu,RocMarshal,12
LadyForest,wuchong,12
StefanRRichter,pnowojski,12
zentol,pnowojski,12
pnowojski,zhijiangW,12
zjuwangg,lirui-apache,12
snuyanzin,MartijnVisser,12
dawidwys,gaoyunhaii,12
wuchong,dawidwys,12
ifndef-SleePy,tillrohrmann,12
curcur,pnowojski,12
dawidwys,AHeise,12
xuefuz,bowenli86,12
dawidwys,tillrohrmann,12
AHeise,fapaul,12
zentol,dawidwys,12
xuyang1706,walterddr,12
zentol,MartijnVisser,12
leonardBang,KurtYoung,12
rkhachatryan,zentol,12
sunjincheng121,twalthr,12
XComp,rmetzger,11
rkhachatryan,zhijiangW,11
wangyang0918,kl0u,11
zhangminglei,zentol,11
zjuwangg,KurtYoung,11
tillrohrmann,tzulitai,11
godfreyhe,tsreaper,11
mans2singh,wuchong,11
PatrickRen,becketqin,11
zentol,tzulitai,11
klion26,carp84,11
deadwind4,dianfu,11
snuyanzin,zentol,11
greghogan,zentol,11
xueyumusic,twalthr,11
danny0405,twalthr,11
JingsongLi,twalthr,11
danny0405,godfreyhe,11
yanghua,xccui,11
Vancior,dianfu,11
dianfu,dawidwys,10
haohui,fhueske,10
rkhachatryan,dawidwys,10
zentol,1u0,10
wangyang0918,xintongsong,10
sihuazhou,StefanRRichter,10
bowenli86,JingsongLi,10
NicoK,zhijiangW,10
zjureel,zentol,10
shaoxuan-wang,fhueske,10
StefanRRichter,StephanEwen,10
yew1eb,zentol,10
chaozwn,wuchong,10
HuangZhenQiu,bowenli86,10
shuiqiangchen,HuangXingBo,10
gaoyunhaii,JingsongLi,10
bowenli86,wuchong,10
sihuazhou,tillrohrmann,10
lamberken,zentol,10
tzulitai,rmetzger,10
dawidwys,akalash,10
tillrohrmann,wangyang0918,10
yangjunhan,Airblader,10
zjuwangg,godfreyhe,9
zjureel,tillrohrmann,9
wuchong,sunjincheng121,9
dawidwys,rmetzger,9
pnowojski,NicoK,9
lsyldliu,luoyuxia,9
Aitozi,tillrohrmann,9
zentol,metaswirl,9
tzulitai,tillrohrmann,9
Myasuka,tillrohrmann,9
ifndef-SleePy,pnowojski,9
lirui-apache,luoyuxia,9
wangyang0918,KarmaGYZ,9
alpinegizmo,NicoK,9
fhueske,sunjincheng121,9
bowenli86,zentol,9
rkhachatryan,tillrohrmann,9
fsk119,godfreyhe,9
beyond1920,KurtYoung,9
pnowojski,twalthr,9
xuyangzhong,godfreyhe,9
tisonkun,GJL,9
StefanRRichter,sihuazhou,9
guoweiM,aljoscha,9
Myasuka,StefanRRichter,9
pnowojski,akalash,9
SteNicholas,dianfu,8
godfreyhe,dawidwys,8
RocMarshal,zentol,8
leonardBang,godfreyhe,8
bowenli86,tzulitai,8
zentol,StefanRRichter,8
KarmaGYZ,zhuzhurk,8
lsyldliu,wuchong,8
dianfu,zentol,8
Myasuka,pnowojski,8
kl0u,wangyang0918,8
Xpray,twalthr,8
igalshilman,tzulitai,8
zentol,carp84,8
walterddr,zentol,8
rtudoran,fhueske,8
snuyanzin,slinkydeveloper,8
imaffe,fapaul,8
snuyanzin,twalthr,8
wangyang0918,zentol,8
JingsongLi,bowenli86,8
akalash,rkhachatryan,8
cshuo,JingsongLi,8
SteNicholas,JingsongLi,8
zhengcanbin,wangyang0918,8
twalthr,sjwiesman,8
PatrickRen,AHeise,8
azagrebin,zhuzhurk,8
sihuazhou,zentol,8
tweise,zentol,8
zhangminglei,tzulitai,8
sunhaibotb,pnowojski,8
NicoK,uce,8
sjwiesman,alpinegizmo,8
StefanRRichter,azagrebin,8
slinkydeveloper,zentol,8
fapaul,zentol,8
xintongsong,zhuzhurk,8
cun8cun8,dianfu,8
rmetzger,pnowojski,8
dmvk,XComp,8
KurtYoung,JingsongLi,8
wangyang0918,rmetzger,8
KarmaGYZ,GJL,8
hequn8128,shuiqiangchen,8
AHeise,tillrohrmann,7
KarmaGYZ,wangyang0918,7
twalthr,sunjincheng121,7
PatrickRen,wuchong,7
alpreu,afedulov,7
fredia,Myasuka,7
sunjincheng121,dianfu,7
danny0405,JingsongLi,7
afedulov,fapaul,7
liuzhuang2017,MartijnVisser,7
godfreyhe,zjuwangg,7
hequn8128,dawidwys,7
JingsongLi,tsreaper,7
beyond1920,fhueske,7
JingsongLi,liyafan82,7
sunjincheng121,hequn8128,7
xuyang1706,ex00,7
godfreyhe,danny0405,7
tillrohrmann,dmvk,7
SteNicholas,lirui-apache,7
tsreaper,KurtYoung,7
bowenli86,StefanRRichter,7
yanghua,twalthr,7
aljoscha,StephanEwen,7
dianfu,twalthr,7
tonycox,fhueske,7
echauchot,zentol,7
PatrickRen,fapaul,7
uce,zentol,7
gaoyunhaii,zhijiangW,7
aljoscha,StefanRRichter,7
greghogan,vasia,7
lirui-apache,danny0405,7
StephanEwen,carp84,7
caozhen1937,wuchong,7
wsry,zhuzhurk,7
yanghua,aljoscha,7
AHeise,zhijiangW,7
aljoscha,tzulitai,7
Myasuka,StephanEwen,7
JingGe,AHeise,7
gaoyunhaii,aljoscha,7
jiasheng55,tillrohrmann,7
azagrebin,GJL,7
zhijiangW,rkhachatryan,7
becketqin,pnowojski,7
JingsongLi,danny0405,7
fapaul,alpreu,7
StephanEwen,StefanRRichter,7
tzulitai,pnowojski,7
dannycranmer,tzulitai,7
medcv,zentol,7
sjwiesman,zentol,7
zhijiangW,AHeise,7
pnowojski,StephanEwen,7
suez1224,twalthr,6
Zakelly,Myasuka,6
StefanRRichter,tzulitai,6
lirui-apache,twalthr,6
shixiaogang,StefanRRichter,6
lincoln-lil,JingsongLi,6
jerry-024,GJL,6
lamberken,tillrohrmann,6
tweise,tzulitai,6
eaglewatcherwb,tillrohrmann,6
afedulov,AHeise,6
wangyang0918,zhijiangW,6
klion26,wuchong,6
dawidwys,godfreyhe,6
klion26,tillrohrmann,6
XuPingyong,wuchong,6
dawidwys,rkhachatryan,6
tillrohrmann,xintongsong,6
KurtYoung,twalthr,6
hackergin,wuchong,6
KurtYoung,fhueske,6
lincoln-lil,wuchong,6
XuQianJin-Stars,wuchong,6
1996fanrui,pnowojski,6
zuston,lirui-apache,6
xuyang1706,becketqin,6
danny0405,dawidwys,6
hehuiyuan,lirui-apache,6
yanghua,dawidwys,6
aljoscha,knaufk,6
xiaoHoly,wuchong,6
bowenli86,KurtYoung,6
rmetzger,wangyang0918,6
aljoscha,sjwiesman,6
aljoscha,tillrohrmann,6
yanghua,azagrebin,6
twalthr,JingsongLi,6
uce,tillrohrmann,6
klion26,StefanRRichter,6
zhengcanbin,tillrohrmann,6
aloyszhang,wuchong,6
vahmed-hamdy,CrynetLogistics,6
sjwiesman,tzulitai,6
xuefuz,lirui-apache,6
leesf,zentol,6
zhijiangW,tillrohrmann,6
hehuiyuan,wuchong,6
bowenli86,dawidwys,6
sjwiesman,rmetzger,6
alpreu,AHeise,6
XComp,autophagy,6
hequn8128,fhueske,6
vthinkxie,GJL,6
alpreu,MartijnVisser,6
fsk119,KurtYoung,6
RocMarshal,gaoyunhaii,6
sjwiesman,aljoscha,6
RocMarshal,dianfu,6
hequn8128,walterddr,6
zhangminglei,tillrohrmann,6
JingGe,MartijnVisser,6
zentol,tisonkun,6
JingsongLi,dawidwys,6
yanghua,tisonkun,6
Clarkkkkk,tillrohrmann,6
tillrohrmann,zhuzhurk,6
JingsongLi,gaoyunhaii,6
SteNicholas,aljoscha,6
Xpray,fhueske,6
Aitozi,wangyang0918,6
SteNicholas,hequn8128,6
zentol,gaoyunhaii,6
tsreaper,twalthr,6
aljoscha,alpinegizmo,6
paul8263,zentol,6
zentol,zhijiangW,6
cshuo,godfreyhe,6
wangxlong,dianfu,6
Shawn-Hx,klion26,6
imaffe,syhily,5
xuyang1706,qiuxiafei,5
XuPingyong,JingsongLi,5
xueyumusic,yanghua,5
SteNicholas,zentol,5
tisonkun,mxm,5
WangTaoTheTonic,tillrohrmann,5
syhily,AHeise,5
YikSanChan,dianfu,5
dawidwys,sjwiesman,5
Myasuka,wuchong,5
sv3ndk,wuchong,5
Myasuka,curcur,5
leonardBang,sjwiesman,5
SteNicholas,HuangXingBo,5
SteNicholas,tillrohrmann,5
Myasuka,azagrebin,5
yangjf2019,wuchong,5
dianfu,rmetzger,5
libenchao,JingsongLi,5
wsry,guoweiM,5
tillrohrmann,uce,5
NicoK,StephanEwen,5
leesf,tillrohrmann,5
infoverload,slinkydeveloper,5
clarkyzl,KurtYoung,5
ifndef-SleePy,aljoscha,5
curcur,AHeise,5
leonardBang,twalthr,5
StefanRRichter,alpinegizmo,5
PatrickRen,ruanhang1993,5
sunjincheng121,zentol,5
kl0u,tzulitai,5
JingsongLi,docete,5
autophagy,XComp,5
zjuwangg,wuchong,5
HuangZhenQiu,walterddr,5
ChengkaiYang2022,RocMarshal,5
sjwiesman,NicoK,5
sjwiesman,StephanEwen,5
JingsongLi,sjwiesman,5
akalash,curcur,5
twalthr,KurtYoung,5
xccui,twalthr,5
zentol,fapaul,5
slinkydeveloper,Airblader,5
zentol,AHeise,5
KarmaGYZ,yanghua,5
rkhachatryan,Zakelly,5
dawidwys,dianfu,5
lirui-apache,leonardBang,5
LadyForest,JingsongLi,5
twalthr,hequn8128,5
liyafan82,JingsongLi,5
Thesharing,tillrohrmann,5
masteryhx,Myasuka,5
carp84,StefanRRichter,5
twalthr,AHeise,5
gaoyunhaii,rkhachatryan,5
gaoyunhaii,tillrohrmann,5
dawidwys,KurtYoung,5
zjffdu,tillrohrmann,5
masteryhx,rkhachatryan,5
dawidwys,bowenli86,5
JingGe,zentol,5
tillrohrmann,shuai-xu,5
EronWright,tillrohrmann,5
aljoscha,rmetzger,5
fapaul,gaoyunhaii,5
jjiey,wuchong,5
vthinkxie,XComp,5
aljoscha,tisonkun,5
lirui-apache,godfreyhe,5
Aitozi,zentol,5
bowenli86,tillrohrmann,5
link3280,tillrohrmann,5
godfreyhe,aljoscha,5
tonycox,wuchong,5
jerry-024,zentol,5
MartijnVisser,alpreu,5
AHeise,dawidwys,5
barcahead,tillrohrmann,5
walterddr,twalthr,5
tweise,mxm,5
beyond1920,twalthr,5
sunjincheng121,aljoscha,5
bowenli86,twalthr,5
pyscala,JingsongLi,5
tony810430,tzulitai,5
rkhachatryan,gaoyunhaii,5
rkhachatryan,akalash,5
StefanRRichter,uce,5
dawidwys,Myasuka,5
zoltar9264,Myasuka,5
StephanEwen,klion26,5
echauchot,tillrohrmann,5
dannycranmer,rmetzger,5
liuyongvs,wuchong,5
alpinegizmo,greghogan,5
fsk119,JingsongLi,4
zhuzhurk,tisonkun,4
gaoyunhaii,StephanEwen,4
gaoyunhaii,guoweiM,4
walterddr,aljoscha,4
RocMarshal,XBaith,4
knaufk,zentol,4
mcfongtw,zentol,4
zhuxiaoshang,JingsongLi,4
alpreu,snuyanzin,4
zhuzhurk,eaglewatcherwb,4
leonardBang,danny0405,4
tillrohrmann,kl0u,4
walterddr,fhueske,4
fsk119,leonardBang,4
galenwarren,xintongsong,4
infoverload,MartijnVisser,4
XComp,rkhachatryan,4
liyafan82,azagrebin,4
sjwiesman,Myasuka,4
sjwiesman,dianfu,4
TanYuxin-tyx,wsry,4
xintongsong,XComp,4
gaoyunhaii,kl0u,4
azagrebin,sihuazhou,4
tzulitai,igalshilman,4
shuai-xu,GJL,4
azagrebin,carp84,4
StephanEwen,uce,4
luoyuxia,lirui-apache,4
Airblader,zentol,4
lamberken,tisonkun,4
azagrebin,pnowojski,4
godfreyhe,leonardBang,4
xueyumusic,hequn8128,4
dawidwys,JingsongLi,4
AHeise,rmetzger,4
twalthr,tzulitai,4
dannycranmer,xiaolong-sn,4
guoweiM,gaoyunhaii,4
twalthr,xccui,4
guoweiM,zhuzhurk,4
pyscala,wuchong,4
godfreyhe,beyond1920,4
azagrebin,KarmaGYZ,4
SteNicholas,Myasuka,4
godfreyhe,SteNicholas,4
leesf,yanghua,4
wuchong,beyond1920,4
CrynetLogistics,dmvk,4
infoverload,zentol,4
gaoyunhaii,zhuzhurk,4
uce,StephanEwen,4
zjureel,KarmaGYZ,4
WeiZhong94,wuchong,4
twalthr,godfreyhe,4
tzulitai,twalthr,4
autophagy,zentol,4
Shawn-Hx,xintongsong,4
zjuwangg,JingsongLi,4
zjuwangg,danny0405,4
glaksh100,tweise,4
shuai-xu,eaglewatcherwb,4
AjaxXu,wuchong,4
nicoweidner,zentol,4
HuangXingBo,sunjincheng121,4
sjwiesman,knaufk,4
afedulov,zentol,4
kl0u,StephanEwen,4
wangyang0918,zhuzhurk,4
wangyang0918,zhengcanbin,4
Myasuka,rmetzger,4
sv3ndk,sjwiesman,4
hongyuhong,fhueske,4
chaozwn,fsk119,4
molsionmo,zentol,4
KarmaGYZ,azagrebin,4
igalshilman,aljoscha,4
NicoK,StefanRRichter,4
hililiwei,RocMarshal,4
JingsongLi,pnowojski,4
Xpray,sunjincheng121,4
yanghua,walterddr,4
libenchao,tillrohrmann,4
cshuo,wuchong,4
dawidwys,curcur,4
sjwiesman,rkhachatryan,4
JingGe,alpreu,4
wsry,StephanEwen,4
Myasuka,klion26,4
mxm,zentol,4
dmvk,autophagy,4
jerry-024,tillrohrmann,4
yittg,wangyang0918,4
MartijnVisser,twalthr,4
mushketyk,greghogan,4
mxm,tillrohrmann,4
yangyichao-mango,klion26,4
wenlong88,gaoyunhaii,4
cmick,fapaul,4
rmetzger,aljoscha,4
tisonkun,zjffdu,4
eaglewatcherwb,GJL,4
MartijnVisser,JingGe,4
MartijnVisser,AHeise,4
link3280,tisonkun,4
kl0u,fhueske,4
Li-Aihua,zentol,4
kl0u,azagrebin,4
kl0u,alpinegizmo,4
suez1224,tillrohrmann,4
dianfu,walterddr,4
tweise,AHeise,4
carp84,tillrohrmann,4
imaffe,MartijnVisser,4
XComp,zhuzhurk,4
yanghua,StefanRRichter,4
HuangZhenQiu,tillrohrmann,4
hequn8128,sjwiesman,4
StephanEwen,kezhuw,4
wanglijie95,xiangqiao123,4
fhueske,xccui,4
fhueske,zentol,4
sky-walking,MartijnVisser,4
docete,godfreyhe,4
kezhuw,wuchong,4
PatrickRen,leonardBang,4
twalthr,StephanEwen,4
leonardBang,rmetzger,4
dianfu,SteNicholas,4
meetjunsu,JingsongLi,4
florianschmidt1994,zentol,4
walterddr,yanghua,4
leonardBang,libenchao,4
PatrickRen,zentol,4
wujinhu,JingsongLi,4
aljoscha,twalthr,4
slinkydeveloper,fapaul,4
wsry,tillrohrmann,4
aljoscha,AHeise,4
yanghua,klion26,4
zentol,snuyanzin,4
Jiayi-Liao,pnowojski,4
yanghua,hequn8128,4
tsreaper,zentol,4
tisonkun,azagrebin,4
zentol,xintongsong,4
JasonLeeCoding,fsk119,4
rkhachatryan,wuchong,4
zentol,zhuzhurk,4
NicoK,twalthr,4
zhangminglei,greghogan,4
dannycranmer,CrynetLogistics,3
wuchong,tillrohrmann,3
tillrohrmann,twalthr,3
V1ncentzzZ,wuchong,3
wuchong,sjwiesman,3
Thesharing,zentol,3
wuchong,rmetzger,3
dannycranmer,vahmed-hamdy,3
knaufk,1u0,3
dannycranmer,dzikosc,3
knaufk,dawidwys,3
Tartarus0zm,zentol,3
qqibrow,tillrohrmann,3
Vancior,HuangXingBo,3
kezhuw,tillrohrmann,3
bowenli86,sjwiesman,3
walterddr,hequn8128,3
alpinegizmo,sjwiesman,3
kezhuw,StephanEwen,3
pnowojski,alpinegizmo,3
wanglijie95,wangyang0918,3
kezhuw,dawidwys,3
aljoscha,pnowojski,3
pnowojski,fhueske,3
pnowojski,SteNicholas,3
pnowojski,GJL,3
carp84,Myasuka,3
carp84,StephanEwen,3
tsreaper,tillrohrmann,3
carp84,pnowojski,3
wangxlong,libenchao,3
vthinkxie,zentol,3
bowenli86,kl0u,3
carp84,tzulitai,3
tzulitai,carp84,3
tweise,SteNicholas,3
tweise,jgrier,3
tweise,stevenzwu,3
tweise,tillrohrmann,3
tzulitai,EronWright,3
tzulitai,StephanEwen,3
tzulitai,bowenli86,3
jrthe42,twalthr,3
vijikarthi,mxm,3
tzulitai,dawidwys,3
azagrebin,aljoscha,3
blublinsky,wangyang0918,3
jrthe42,wuchong,3
pnowojski,sunhaibotb,3
bowenli86,aljoscha,3
victorunique,Myasuka,3
tsreaper,slinkydeveloper,3
jinmingjian,StephanEwen,3
tillrohrmann,zhangminglei,3
Xeli,becketqin,3
wenlong88,zjuwangg,3
kl0u,twalthr,3
XuQianJin-Stars,klion26,3
tisonkun,yanghua,3
javacaoyu,dianfu,3
cshuo,tsreaper,3
cuibo01,Airblader,3
XComp,wangyang0918,3
wenlong88,pnowojski,3
klion26,StephanEwen,3
klion26,aljoscha,3
klion26,azagrebin,3
wuchong,bowenli86,3
wuchong,carp84,3
WeiZhong94,twalthr,3
WeiZhong94,aljoscha,3
jerry-024,hejianchao,3
jerry-024,vthinkxie,3
akalash,zentol,3
afedulov,MartijnVisser,3
wangyang0918,azagrebin,3
qinjunjerry,sjwiesman,3
wangyang0918,sjwiesman,3
wangyang0918,walterddr,3
chaojianok,wuchong,3
afedulov,alpinegizmo,3
kl0u,StefanRRichter,3
chaozwn,leonardBang,3
Zakelly,carp84,3
kl0u,igalshilman,3
tragicjun,twalthr,3
ZhijieYang,RocMarshal,3
ZhangChaoming,slinkydeveloper,3
jgrier,tweise,3
wenhuitang,yanghua,3
piyushnarang,tillrohrmann,3
tillrohrmann,pnowojski,3
mans2singh,JingsongLi,3
JingsongLi,cshuo,3
zentol,Airblader,3
sunjincheng121,WeiZhong94,3
mushketyk,iampeter,3
mushketyk,fhueske,3
CrynetLogistics,vahmed-hamdy,3
gaoyunhaii,zentol,3
MartijnVisser,Airblader,3
eaglewatcherwb,Ryantaocer,3
rmetzger,dawidwys,3
ljz2051,Myasuka,3
gaoyunhaii,curcur,3
zhuzhurk,Thesharing,3
matriv,zentol,3
gaoyunhaii,KarmaGYZ,3
echauchot,MartijnVisser,3
rmetzger,knaufk,3
suez1224,fhueske,3
EronWright,twalthr,3
EronWright,zentol,3
rmetzger,nicoweidner,3
LadyForest,fsk119,3
yxu-valleytider,tweise,3
KurtYoung,wuchong,3
KurtYoung,godfreyhe,3
zhuxiaoshang,libenchao,3
KarmaGYZ,wuchong,3
zjffdu,yanghua,3
docete,twalthr,3
CrynetLogistics,fapaul,3
dmvk,mxm,3
Myracle,xintongsong,3
igalshilman,tillrohrmann,3
Myracle,tillrohrmann,3
igalshilman,kl0u,3
Myracle,MartijnVisser,3
luoyuxia,beyond1920,3
shuai-xu,StephanEwen,3
ifndef-SleePy,zentol,3
Myasuka,sjwiesman,3
AjaxXu,JingsongLi,3
luoyuxia,JingsongLi,3
zjuwangg,wenlong88,3
Clarkkkkk,tisonkun,3
BorisOsipov,zentol,3
yangjunhan,twalthr,3
mxm,tweise,3
lincoln-lil,godfreyhe,3
yew1eb,greghogan,3
MonsterChenzhuo,RocMarshal,3
ChrisChinchilla,greghogan,3
sihuazhou,GJL,3
sihuazhou,aljoscha,3
mxm,aljoscha,3
rmetzger,Myasuka,3
lirui-apache,zentol,3
zentol,HuangXingBo,3
syhily,fapaul,3
rmetzger,xintongsong,3
ruanhang1993,PatrickRen,3
smattheis,pnowojski,3
zentol,yuqi1129,3
hequn8128,zentol,3
zentol,zhangminglei,3
Jiayi-Liao,Myasuka,3
sjwiesman,twalthr,3
zhangjun0x01,JingsongLi,3
zhijiangW,uce,3
Guibo-Pan,yanghua,3
JasonLeeCoding,wuchong,3
hequn8128,wuchong,3
zhijiangW,StephanEwen,3
zhangminglei,StephanEwen,3
zhijiangW,1u0,3
JackWangCS,lirui-apache,3
ruanhang1993,leonardBang,3
florianschmidt1994,kl0u,3
HuangXingBo,rmetzger,3
metaswirl,dmvk,3
HuangZhenQiu,xuefuz,3
HuangZhenQiu,xintongsong,3
HuangZhenQiu,wangyang0918,3
zhangminglei,yanghua,3
liuyongvs,godfreyhe,3
fapaul,twalthr,3
zentol,wuchong,3
fapaul,tillrohrmann,3
sjwiesman,fhueske,3
zentol,KarmaGYZ,3
lishim,tillrohrmann,3
zhuxiaoshang,fsk119,3
zhuxiaoshang,XComp,3
fsk119,twalthr,3
JingsongLi,rmetzger,3
hequn8128,becketqin,3
highfei2011,tisonkun,3
sjwiesman,dawidwys,3
mbode,zentol,3
snuyanzin,matriv,3
GJL,kl0u,3
zhisheng17,wuchong,3
snuyanzin,fhueske,3
fpompermaier,wuchong,3
JingGe,Airblader,3
fapaul,mas-chen,3
Jiayi-Liao,zentol,3
Jiayi-Liao,yanghua,3
zentol,slinkydeveloper,3
Jiayi-Liao,twalthr,3
rtudoran,sunjincheng121,3
Jiayi-Liao,tillrohrmann,3
Jiayi-Liao,klion26,3
yanghua,tzulitai,3
MrWhiteSike,RocMarshal,3
sky-walking,fapaul,3
tillrohrmann,Jiayi-Liao,3
AHeise,1u0,3
dawidwys,xuefuz,3
AHeise,dannycranmer,3
openinx,zentol,3
shixiaogang,StephanEwen,3
tillrohrmann,NicoK,3
xuefuz,KurtYoung,3
xiaolong-sn,dannycranmer,3
shenzhu,snuyanzin,3
RyanSkraba,zentol,3
rkhachatryan,klion26,3
deadwind4,HuangXingBo,3
StephanEwen,bowenli86,3
greghogan,fhueske,3
shenzhu,slinkydeveloper,3
deadwind4,MartijnVisser,3
mans2singh,Airblader,3
greghogan,StephanEwen,3
StephanEwen,pnowojski,3
StephanEwen,rmetzger,3
SteNicholas,Airblader,3
StephanEwen,Myasuka,3
1u0,StefanRRichter,3
Aitozi,dawidwys,3
StefanRRichter,dawidwys,3
xintongsong,gaoyunhaii,3
StefanRRichter,bowenli86,3
StefanRRichter,kl0u,3
zuston,tillrohrmann,3
StefanRRichter,Aitozi,3
StefanRRichter,1u0,3
tillrohrmann,bowenli86,3
SteNicholas,xintongsong,3
SteNicholas,twalthr,3
guoweiM,tillrohrmann,3
tillrohrmann,aljoscha,3
mans2singh,tisonkun,3
StephanEwen,GJL,3
SteNicholas,godfreyhe,3
lamberken,yanghua,3
StephanEwen,JingsongLi,3
shijinkui,zentol,3
dawidwys,danny0405,3
godfreyhe,walterddr,3
xintongsong,dianfu,3
dawidwys,NicoK,3
dawidwys,GJL,3
knaufk,sjwiesman,3
StephanEwen,wsry,3
leonardBang,lirui-apache,3
hackergin,leonardBang,3
luoyuxia,lsyldliu,3
PatrickRen,Sxnan,3
Aitozi,Myasuka,3
PatrickRen,JingGe,3
yanghua,StephanEwen,3
godfreyhe,hequn8128,3
xiangqiao123,luoyuxia,3
shouweikun,wuchong,3
yanghua,fhueske,3
NicoK,sjwiesman,3
haohui,twalthr,3
NicoK,rmetzger,3
godfreyhe,fhueske,3
yanghua,kl0u,3
rkhachatryan,aljoscha,3
godfreyhe,docete,3
zoltar9264,rkhachatryan,3
StephanEwen,tzulitai,3
leonardBang,dawidwys,3
RocMarshal,Airblader,3
infoverload,alpinegizmo,3
RocMarshal,Thesharing,3
StephanEwen,sihuazhou,3
shouweikun,JingsongLi,3
Airblader,matriv,3
tianchen92,tillrohrmann,3
shizhengchao,wuchong,3
zoltar9264,tillrohrmann,3
godfreyhe,kl0u,3
guoweiM,stevenzwu,2
guoweiM,pnowojski,2
twalthr,zhuzhurk,2
sjwiesman,morsapaes,2
bowenli86,zjffdu,2
ruanhang1993,zentol,2
beyond1920,cshuo,2
sjwiesman,leonardBang,2
fpompermaier,leonardBang,2
florianschmidt1994,tzulitai,2
beyond1920,wenlong88,2
fhueske,wuchong,2
ruanhang1993,fapaul,2
beyond1920,tsreaper,2
shijinkui,fhueske,2
florianschmidt1994,bowenli86,2
florianschmidt1994,twalthr,2
hackergin,MartijnVisser,2
beyond1920,leonardBang,2
fmthoma,tzulitai,2
beyond1920,lincoln-lil,2
hackergin,JingsongLi,2
gyfora,kl0u,2
guoweiM,zentol,2
hequn8128,morsapaes,2
florianschmidt1994,hequn8128,2
shenzhu,matriv,2
godfreyhe,cshuo,2
twalthr,alpinegizmo,2
fredia,rkhachatryan,2
gaoyunhaii,tisonkun,2
greghogan,NicoK,2
simenliuxing,MartijnVisser,2
gaoyunhaii,xintongsong,2
sgran,EronWright,2
bowenli86,StephanEwen,2
twalthr,suez1224,2
gaurav726,wuchong,2
sihuazhou,kl0u,2
sihuazhou,bowenli86,2
joemoe,zentol,2
haseeb1431,sjwiesman,2
bmeriaux,zentol,2
twalthr,infoverload,2
hapihu,zentol,2
twalthr,NicoK,2
shuiqiangchen,sunjincheng121,2
hapihu,infoverload,2
glaksh100,zentol,2
shuai-xu,dianfu,2
twalthr,kl0u,2
blublinsky,xintongsong,2
twalthr,libenchao,2
sachingoel0101,skonto,2
greghogan,casidiablo,2
bowenli86,alpinegizmo,2
twalthr,danny0405,2
beyond1920,xuyangzhong,2
sjwiesman,fapaul,2
shijinkui,rmetzger,2
twalthr,bowenli86,2
jjiey,fsk119,2
bowenli86,pnowojski,2
gaborgsomogyi,dmvk,2
gaborgsomogyi,gyfora,2
guoweiM,GJL,2
beyond1920,zjuwangg,2
bgeng777,wangyang0918,2
jlon,zentol,2
jjiey,leonardBang,2
gaofeilong198810,wuchong,2
sjwiesman,Airblader,2
twalthr,walterddr,2
shixiaogang,aljoscha,2
twalthr,echauchot,2
greghogan,pnowojski,2
greghogan,mxm,2
bowenli86,fhueske,2
jlon,Airblader,2
gaborhermann,thvasilo,2
tillrohrmann,nicoweidner,2
fhueske,uybhatti,2
dianfu,shuiqiangchen,2
syhily,zentol,2
imaffe,JingGe,2
dianfu,danny0405,2
pyscala,becketqin,2
rkhachatryan,sjwiesman,2
deepaks4077,zentol,2
deadwind4,zentol,2
deadwind4,wuchong,2
infoverload,knaufk,2
rionmonster,zentol,2
deadwind4,snuyanzin,2
deadwind4,maver1ck,2
deadwind4,lirui-apache,2
tillrohrmann,Aitozi,2
tisonkun,Clarkkkkk,2
cuibo01,tillrohrmann,2
syhily,xintongsong,2
tillrohrmann,EronWright,2
dianfu,tillrohrmann,2
rmetzger,JingsongLi,2
clarkyzl,twalthr,2
clarkyzl,wuchong,2
rmetzger,GJL,2
tisonkun,zhijiangW,2
complone,zentol,2
dmvk,metaswirl,2
ifndef-SleePy,kl0u,2
rmetzger,AHeise,2
dmvk,aljoscha,2
tisonkun,tweise,2
cshuo,KurtYoung,2
igalshilman,GJL,2
dianfu,zhuzhurk,2
dianfu,xintongsong,2
infoverload,twalthr,2
curcur,dawidwys,2
clarkyzl,fhueske,2
dawidwys,docete,2
danny0405,docete,2
tillrohrmann,ifndef-SleePy,2
rkhachatryan,StephanEwen,2
dawidwys,carp84,2
danny0405,lirui-apache,2
danny0405,sjwiesman,2
tillrohrmann,tedyu,2
rkhachatryan,carp84,2
dawidwys,StephanEwen,2
danny0405,xuefuz,2
tillrohrmann,sihuazhou,2
dannycranmer,GS-KeithLee,2
tillrohrmann,lamberken,2
dannycranmer,iemre,2
dawidwys,JingGe,2
dawidwys,dmvk,2
dawidwys,fapaul,2
tillrohrmann,KurtYoung,2
dawidwys,fhueske,2
rkhachatryan,kl0u,2
tillrohrmann,Myasuka,2
dawidwys,yanghua,2
curcur,tillrohrmann,2
tinawenqiao,Myasuka,2
dawidwys,xintongsong,2
tillrohrmann,zhijiangW,2
dawidwys,tzulitai,2
dawidwys,tedyu,2
tillrohrmann,yanghua,2
dawidwys,smattheis,2
dawidwys,knaufk,2
isunjin,StefanRRichter,2
dawidwys,kezhuw,2
dawidwys,igalshilman,2
docete,bowenli86,2
docete,danny0405,2
fhueske,tisonkun,2
fapaul,pnowojski,2
rtudoran,shijinkui,2
fapaul,dmvk,2
carp84,zentol,2
fapaul,dawidwys,2
snuyanzin,hequn8128,2
jingwen-ywb,hequn8128,2
jiasheng55,wuchong,2
casidiablo,tzulitai,2
rtudoran,aljoscha,2
fapaul,MartijnVisser,2
tillrohrmann,rkhachatryan,2
fapaul,Airblader,2
catkint,wuchong,2
hililiwei,JingsongLi,2
hililiwei,MartijnVisser,2
heytitle,greghogan,2
caozhen1937,klion26,2
ex00,fhueske,2
jinxing64,zhuzhurk,2
brandonJY,XComp,2
twalthr,MartijnVisser,2
fhueske,rmetzger,2
slinkydeveloper,JingGe,2
twalthr,HuangXingBo,2
fhueske,hequn8128,2
slinkydeveloper,MartijnVisser,2
fhueske,aljoscha,2
fhueske,StephanEwen,2
fhueske,KurtYoung,2
slinkydeveloper,infoverload,2
caidezhi,KurtYoung,2
camilesing,Myasuka,2
hequn8128,xccui,2
camilesing,tsreaper,2
ex00,zentol,2
eskabetxe,AHeise,2
rmetzger,KarmaGYZ,2
eaglewatcherwb,klion26,2
eaglewatcherwb,aljoscha,2
tonycox,zentol,2
sunhaibotb,sunjincheng121,2
rmetzger,alpinegizmo,2
sunjincheng121,JingsongLi,2
chermenin,StephanEwen,2
dufeng1010,wuchong,2
sunjincheng121,dawidwys,2
chermenin,twalthr,2
tony810430,zentol,2
sunjincheng121,haohui,2
jerry-024,pnowojski,2
hwanju,tillrohrmann,2
chucheng92,tweise,2
sunjincheng121,shaoxuan-wang,2
tragicjun,suez1224,2
rmetzger,dianfu,2
jianyun8023,syhily,2
chendonglin521,1996fanrui,2
qqibrow,klion26,2
empcl,MartijnVisser,2
rmetzger,uce,2
rmetzger,tzulitai,2
ramkrish86,ggevay,2
rmetzger,sjwiesman,2
hongyuhong,rtudoran,2
suez1224,aljoscha,2
hongyuhong,wuchong,2
echauchot,pnowojski,2
suez1224,walterddr,2
rmetzger,greghogan,2
echauchot,AHeise,2
sunhaibotb,StefanRRichter,2
eaglewatcherwb,zhuzhurk,2
dianfu,bowenli86,2
wenhuitang,zentol,2
beyond1920,MartijnVisser,2
Myasuka,1u0,2
yittg,tillrohrmann,2
mushketyk,zentol,2
yittg,dmvk,2
yiduwangkai,bowenli86,2
MonsterChenzhuo,Airblader,2
yew1eb,tzulitai,2
yew1eb,tillrohrmann,2
lindong28,dawidwys,2
lincoln-lil,twalthr,2
ye-lun,wuchong,2
ye-lun,klion26,2
lincoln-lil,tsreaper,2
Mrart,zentol,2
lincoln-lil,fhueske,2
JingsongLi,zentol,2
Myasuka,GJL,2
yangjunhan,MartijnVisser,2
yangjf2019,tisonkun,2
Myasuka,dawidwys,2
yangjf2019,tillrohrmann,2
Myasuka,tisonkun,2
lichang-bd,JingsongLi,2
Myracle,KarmaGYZ,2
yanghua,yuqi1129,2
Myracle,wuchong,2
john-karp,dannycranmer,2
NickolayVasilishin,fhueske,2
libenchao,danny0405,2
yittg,wuchong,2
MartijnVisser,slinkydeveloper,2
mushketyk,vasia,2
MartijnVisser,matriv,2
zentol,V1ncentzzZ,2
zentol,Myasuka,2
KKcorps,sjwiesman,2
KarlManong,wangyang0918,2
KarmaGYZ,sjwiesman,2
zenfenan,kl0u,2
KarmaGYZ,twalthr,2
zenfenan,JingsongLi,2
KurtYoung,libenchao,2
KurtYoung,zentol,2
lirui-apache,dawidwys,2
yuruguo,xintongsong,2
yuruguo,tillrohrmann,2
yuruguo,rmetzger,2
Leeviiii,wuchong,2
yuqi1129,klion26,2
Li-Aihua,klion26,2
LinyuYao1021,dannycranmer,2
link3280,zentol,2
yulei0824,wuchong,2
link3280,rmetzger,2
yuchuanchen,pnowojski,2
link3280,klion26,2
MartijnVisser,dannycranmer,2
mushketyk,chermenin,2
MartijnVisser,dianfu,2
MartijnVisser,gaoyunhaii,2
libenchao,KurtYoung,2
NicoK,GJL,2
NicoK,aljoscha,2
xmarker,zentol,2
lamberken,zhijiangW,2
SteNicholas,dawidwys,2
SteNicholas,hililiwei,2
SteNicholas,leonardBang,2
xintongsong,zentol,2
SteNicholas,shuiqiangchen,2
xintongsong,wuchong,2
xintongsong,tisonkun,2
xintongsong,pnowojski,2
xintongsong,dannycranmer,2
xintongsong,StephanEwen,2
xinggit,wuchong,2
StefanRRichter,zhijiangW,2
openinx,KurtYoung,2
StephanEwen,Jiayi-Liao,2
openinx,wuchong,2
ousheobin,wuchong,2
StephanEwen,greghogan,2
StephanEwen,kl0u,2
xiaoHoly,wangxlong,2
StephanEwen,shuai-xu,2
knaufk,tillrohrmann,2
StephanEwen,zhijiangW,2
StephanEwen,zhuzhurk,2
xiangqiao123,beyond1920,2
xiangqiao123,Tartarus0zm,2
Sxnan,PatrickRen,2
SteNicholas,azagrebin,2
SteNicholas,AHeise,2
NicoK,becketqin,2
nielsbasjes,zentol,2
NicoK,greghogan,2
NicoK,kl0u,2
yanghua,eliaslevy,2
NicoK,yanghua,2
PatrickRen,StephanEwen,2
yanghua,Clarkkkkk,2
PatrickRen,hililiwei,2
leonardBang,openinx,2
PatrickRen,twalthr,2
leonardBang,kl0u,2
xuyangzhong,matriv,2
leonardBang,fpompermaier,2
leonardBang,aljoscha,2
xuyang1706,shaomengwang,2
RocMarshal,AHeise,2
RocMarshal,MartijnVisser,2
xueyumusic,walterddr,2
leonardBang,Airblader,2
nielsbasjes,KurtYoung,2
RocMarshal,tillrohrmann,2
RocMarshal,xccui,2
RocMarshal,yuruguo,2
RollsBean,wuchong,2
RyanSkraba,RocMarshal,2
xuefuz,zjuwangg,2
nielsbasjes,tillrohrmann,2
xuefuz,dawidwys,2
JingsongLi,zhuzhurk,2
zentol,bowenli86,2
patricklucas,zentol,2
Armstrongya,klion26,2
Aitozi,azagrebin,2
Aitozi,bowenli86,2
zoltar9264,MartijnVisser,2
Aitozi,klion26,2
Aitozi,pnowojski,2
luoyuxia,fsk119,2
luoyuxia,Tartarus0zm,2
luoyuxia,Myracle,2
Aitozi,yanghua,2
Aitozi,zhijiangW,2
maqingxiang,tillrohrmann,2
maqingxiang,yanghua,2
maqingxiang,zhijiangW,2
Armstrongya,wuchong,2
JingsongLi,openinx,2
zjuwangg,twalthr,2
lsyldliu,libenchao,2
lsyldliu,godfreyhe,2
ChrisChinchilla,alpinegizmo,2
Clarkkkkk,dawidwys,2
Clarkkkkk,yanghua,2
Clarkkkkk,zentol,2
CrazyTomatoOo,libenchao,2
mas-chen,zentol,2
zjffdu,tisonkun,2
zjffdu,kl0u,2
matriv,Airblader,2
liyubin117,klion26,2
Aitozi,aljoscha,2
Airblader,slinkydeveloper,2
Airblader,nicoweidner,2
Airblader,infoverload,2
zzh1985,klion26,2
zzchun,yanghua,2
1996fanrui,Myasuka,2
1996fanrui,akalash,2
mans2singh,Myasuka,2
mans2singh,NicoK,2
1996fanrui,wuchong,2
manner,AHeise,2
1u0,AHeise,2
zuston,wangyang0918,2
1u0,tillrohrmann,2
1u0,zentol,2
zuston,gaoyunhaii,2
manbuyun,JingsongLi,2
zuston,Myasuka,2
zuston,KarmaGYZ,2
AHeise,StephanEwen,2
zuston,ChengbingLiu,2
AHeise,sjwiesman,2
zoudaokoulife,wuchong,2
AT-Fieldless,tisonkun,2
zoudan,wuchong,2
zoudan,libenchao,2
zoucao,wuchong,2
zoucao,leonardBang,2
Airblader,JingsongLi,2
Airblader,dianfu,2
zhuzhurk,KarmaGYZ,2
zhuzhurk,JingsongLi,2
EronWright,mxm,2
HuangZhenQiu,fhueske,2
liuyongvs,dawidwys,2
HuangZhenQiu,suez1224,2
metaswirl,autophagy,2
HuangZhenQiu,zentol,2
HuangZhenQiu,zjuwangg,2
liurenjie1024,yanghua,2
JTaky,tillrohrmann,2
metaswirl,zentol,2
liurenjie1024,fhueske,2
liurenjie1024,GJL,2
zhangjun0x01,KurtYoung,2
Jiayi-Liao,azagrebin,2
zentol,yanghua,2
Jiayi-Liao,dawidwys,2
zentol,wangyang0918,2
Jiayi-Liao,tisonkun,2
liupc,tillrohrmann,2
Jiayi-Liao,zhijiangW,2
miklosgergely,dianfu,2
JingGe,RocMarshal,2
zentol,mas-chen,2
liufangqi,dmvk,2
mobuchowski,rkhachatryan,2
zentol,gyfora,2
liufangqi,Myasuka,2
JingsongLi,dianfu,2
zentol,florianschmidt1994,2
liuyongvs,dianfu,2
zhengcanbin,twalthr,2
Ethanlm,tillrohrmann,2
HuangZhenQiu,JingsongLi,2
FlechazoW,MartijnVisser,2
zhuxiaoshang,leonardBang,2
mayuehappy,rkhachatryan,2
liyafan82,synckey,2
Fokko,StephanEwen,2
liyafan82,klion26,2
zhule0601,wuchong,2
FredTing,tzulitai,2
zhuhaifengleon,zentol,2
GJL,Myasuka,2
GJL,StephanEwen,2
GJL,aljoscha,2
liyafan82,StephanEwen,2
zhoulii,zhuzhurk,2
GJL,pnowojski,2
zhoulii,wanglijie95,2
GJL,yanghua,2
GJL,zhijiangW,2
medcv,dawidwys,2
liuzhuang2017,wuchong,2
liuzhuang2017,Myasuka,2
Guibo-Pan,tillrohrmann,2
liuzhixing1006,lirui-apache,2
HuangXingBo,amaliujia,2
HuangXingBo,morsapaes,2
HuangXingBo,sjwiesman,2
zhengcanbin,wuchong,2
Sxnan,becketqin,2
NickBurkard,zentol,2
shenzhu,RocMarshal,2
walterddr,tillrohrmann,2
YikSanChan,sjwiesman,2
pnowojski,kl0u,2
vthinkxie,rmetzger,2
wisgood,Myasuka,2
vthinkxie,simplejason,2
vthinkxie,sorahn,2
kl0u,tedyu,2
kl0u,pnowojski,2
YuvalItzchakov,godfreyhe,2
wenlong88,tillrohrmann,2
wenlong88,slinkydeveloper,2
YuvalItzchakov,wuchong,2
pnowojski,gaoyunhaii,2
kl0u,mxm,2
kent2171,kl0u,2
alpreu,zentol,2
Zakelly,rkhachatryan,2
walterddr,godfreyhe,2
pnowojski,carp84,2
XuQianJin-Stars,twalthr,2
XuQianJin-Stars,libenchao,2
XuPingyong,zentol,2
uce,StefanRRichter,2
XComp,dawidwys,2
azagrebin,Aitozi,2
autophagy,rmetzger,2
XComp,metaswirl,2
Xeli,rmetzger,2
wsry,rmetzger,2
Xeli,zentol,2
Xpray,StephanEwen,2
wsry,akalash,2
art4ul,KurtYoung,2
Xpray,walterddr,2
Xpray,wuchong,2
Xpray,xccui,2
austince,zentol,2
Xpray,zhijiangW,2
XuPingyong,KurtYoung,2
vasia,greghogan,2
kailashhd,tweise,2
ZhangChaoming,pnowojski,2
alpinegizmo,zentol,2
wuchong,aljoscha,2
wenhuitang,twalthr,2
xccui,hequn8128,2
aljoscha,greghogan,2
aljoscha,gaoyunhaii,2
akalash,gaoyunhaii,2
wangxlong,JingsongLi,2
akalash,infoverload,2
wangyang0918,gaoyunhaii,2
akalash,smattheis,2
wangyang0918,MalcolmSanders,2
kisimple,pnowojski,2
wangyang0918,AHeise,2
aljoscha,becketqin,2
wangxlong,twalthr,2
pnowojski,1u0,2
wangxlong,leonardBang,2
aljoscha,alexeyt820,2
wangxlong,klion26,2
aljoscha,SteNicholas,2
aljoscha,EronWright,2
wangyang0918,klion26,2
kl0u,1u0,2
wangxiyuan,rmetzger,2
afedulov,XComp,2
pnowojski,becketqin,2
pnowojski,azagrebin,2
weizheng92,wuchong,2
alpinegizmo,aljoscha,2
weizheng92,klion26,2
wanglijie95,tillrohrmann,2
afedulov,JingGe,2
aloyszhang,zentol,2
wanglijie95,xintongsong,2
akalash,AHeise,2
wangpeibin713,wuchong,2
aljoscha,uce,2
afedulov,alpreu,2
kl0u,GJL,2
aljoscha,tweise,2
wangyang0918,thousandhu,2
wangwei1025,lirui-apache,2
aljoscha,klion26,2
XComp,azagrebin,2
aljoscha,GJL,2
Tartarus0zm,wuchong,2
wuchong,libenchao,2
WeiZhong94,AHeise,2
tzulitai,alpinegizmo,2
azagrebin,kl0u,2
wuchong,lirui-apache,2
azagrebin,rmetzger,2
Tartarus0zm,tillrohrmann,2
wujinhu,StefanRRichter,2
Tartarus0zm,JingsongLi,2
WangTaoTheTonic,StephanEwen,2
wuchong,haohui,2
klion26,tzulitai,2
becketqin,dawidwys,2
klion26,pnowojski,2
twentyworld,klion26,2
tweise,yxu-valleytider,2
azagrebin,twalthr,2
azagrebin,sjwiesman,2
paul8263,NicoK,2
azagrebin,tisonkun,2
VenturaDelMonte,aljoscha,2
becketqin,stevenzwu,2
Tartarus0zm,godfreyhe,2
XBaith,wuchong,2
klion26,yanghua,2
tweise,becketqin,2
tweise,carp84,2
becketqin,zentol,2
WeiZhong94,zentol,2
wuchong,zentol,2
TengHu,aljoscha,2
wuchong,dianfu,2
Sxnan,wuchong,2
Sxnan,zhuzhurk,2
predatorray,pnowojski,2
klion26,zentol,2
azagrebin,XComp,2
XBaith,klion26,2
WeiZhong94,dawidwys,2
knaufk,fhueske,2
rudeigerc,klion26,1
mchro,azagrebin,1
ruanhang1993,zuston,1
pnowojski,XComp,1
sharkdtu,tillrohrmann,1
sharkdtu,wuchong,1
protos37,libenchao,1
premsantosh,aljoscha,1
protos37,KurtYoung,1
mbode,aljoscha,1
manuzhang,mxm,1
mans2singh,tsreaper,1
mans2singh,xixingya,1
manuzhang,fhueske,1
ruanshubin,zentol,1
mbode,wangyang0918,1
mbode,rmetzger,1
mchro,klion26,1
pnowojski,bowenli86,1
sharkdtu,XComp,1
shaoxuan-wang,wuchong,1
ruanshubin,MrWhiteSike,1
pyscala,zentol,1
predatorray,link3280,1
pscls,RocMarshal,1
medale,tzulitai,1
shenzhu,JingsongLi,1
pnowojski,Myasuka,1
meijies,wuchong,1
melentye,StephanEwen,1
pnowojski,Jiayi-Liao,1
ruanhang1993,ashulin,1
qinghui-xu,rmetzger,1
qinjunjerry,AHeise,1
melotlee,libenchao,1
shenzhu,Myasuka,1
melotlee,shuai-xu,1
pscls,westphal-jan,1
meng1222,fapaul,1
pyscala,Myasuka,1
metaotao,JingsongLi,1
metaotao,fsk119,1
pyscala,StephanEwen,1
metaotao,wuchong,1
pscls,fapaul,1
shenzhu,Airblader,1
mans2singh,knaufk,1
qinghui-xu,XComp,1
medcv,StephanEwen,1
pnowojski,WeiZhong94,1
medcv,azagrebin,1
mans2singh,infoverload,1
ruanhang1993,snuyanzin,1
protos37,wuchong,1
shaoxuan-wang,twalthr,1
medcv,tillrohrmann,1
pscls,SteNicholas,1
mans2singh,godfreyhe,1
medcv,wheresalice,1
qingdao81,twalthr,1
mans2singh,SteNicholas,1
meetjunsu,MartijnVisser,1
pscls,Yanikovic,1
meetjunsu,snuyanzin,1
meetjunsu,wuchong,1
pnowojski,casidiablo,1
runesl,zentol,1
rudikershaw,dannycranmer,1
sebastianliu,wuchong,1
maosuhan,libenchao,1
senegalo,austince,1
pnowojski,tisonkun,1
seunjjs,wuchong,1
pnowojski,sorahn,1
q977734161,sjwiesman,1
sedgewickmm18,mxm,1
mareksabo,tillrohrmann,1
mariusz89016,tillrohrmann,1
mayuehappy,SteNicholas,1
markcho,azagrebin,1
martin-liu,dianfu,1
sebastianliu,godfreyhe,1
pnowojski,rangadi,1
sdlcwangsong,libenchao,1
scudellari,zentol,1
scott-mitchell,zentol,1
metaswirl,XComp,1
seunjjs,leonardBang,1
maqingxiang,zentol,1
qianchutao,fapaul,1
senegalo,dawidwys,1
maqingxiang,azagrebin,1
qingdao81,Airblader,1
maqingxiang,aljoscha,1
qingdao81,fhueske,1
sepulrator,zhijiangW,1
pnowojski,yanghua,1
pnowojski,wangzzu,1
qingdao81,tao-xiao-sn,1
maqingxiang,dawidwys,1
sergiimk,dawidwys,1
pnowojski,vthinkxie,1
maqingxiang,klion26,1
senorcarbone,gyfora,1
pnowojski,uce,1
maqingxiang,NicoK,1
maosuhan,syucream,1
senorcarbone,StephanEwen,1
maosuhan,laughingman7743,1
mas-chen,MartijnVisser,1
sbcd90,tzulitai,1
matriv,godfreyhe,1
matriv,snuyanzin,1
predatorray,wuchong,1
matriv,tillrohrmann,1
matriv,tsreaper,1
matriv,wenlong88,1
s1ck,greghogan,1
pnowojski,eliaslevy,1
pnowojski,curcur,1
q977734161,RyanSkraba,1
shaoxuan-wang,sunjincheng121,1
runesl,yanghua,1
maver1ck,rkhachatryan,1
maxCodeVector,wangyang0918,1
maxbelov,zentol,1
runesl,tillrohrmann,1
runesl,GJL,1
mayuehappy,Myasuka,1
matriv,rkhachatryan,1
maocorte,KurtYoung,1
pnowojski,qinjunjerry,1
matriv,fapaul,1
satybald,tillrohrmann,1
pnowojski,matriv,1
satybald,GJL,1
q977734161,infoverload,1
mas-chen,PatrickRen,1
pnowojski,infoverload,1
sampathBhat,zentol,1
mas-chen,fapaul,1
mas-chen,xiangcao,1
pnowojski,hequn8128,1
sev7e0,tillrohrmann,1
maosuhan,MyLanPangzi,1
matriv,JingsongLi,1
matriv,MartijnVisser,1
sachingoel0101,tillrohrmann,1
matriv,cshuo,1
matriv,dianfu,1
mas-chen,JingGe,1
patricklucas,jgrier,1
pnowojski,Aitozi,1
nicusX,dawidwys,1
rionmonster,MartijnVisser,1
nicochen,greghogan,1
nicolasraga1,Aitozi,1
rkhachatryan,tisonkun,1
nicolasraga1,tillrohrmann,1
nicoweidner,Airblader,1
rionmonster,alpinegizmo,1
nicoweidner,dmvk,1
nicoweidner,tillrohrmann,1
paul8263,yangjunhan,1
nielsbasjes,GJL,1
nielsbasjes,rmetzger,1
rkhachatryan,masteryhx,1
paul8263,xintongsong,1
nielsbasjes,JingsongLi,1
rkhachatryan,Airblader,1
rkhachatryan,lqjack,1
paul8263,wuchong,1
nielsbasjes,aljoscha,1
rkhachatryan,HuangZhenQiu,1
paul8263,tsreaper,1
nielsbasjes,azagrebin,1
pavel-shvetsov-git,fhueske,1
nicochen,asdf2014,1
pavel-shvetsov-git,zentol,1
rkhachatryan,xintongsong,1
renxiaoyao,wangyum,1
reswqa,zentol,1
pengkangjing,zentol,1
rmetzger,Airblader,1
mxm,vthinkxie,1
pengkangjing,xintongsong,1
pengkangjing,tillrohrmann,1
mylog00,rmetzger,1
nanmu42,xintongsong,1
ndeslandes,knaufk,1
ndeslandes,rkhachatryan,1
reta,JingGe,1
ndeslandes,tillrohrmann,1
rickhofstede,yanghua,1
nekrassov,tillrohrmann,1
rickhofstede,zentol,1
nekrassov,zentol,1
neoremind,zentol,1
nguraja,tillrohrmann,1
pduveau,GJL,1
rickyspeak,tillrohrmann,1
nielsbasjes,fhueske,1
nielsbasjes,tedyu,1
rehevkor5,uce,1
paul8263,MartijnVisser,1
paul8263,dawidwys,1
openinx,danny0405,1
openinx,libenchao,1
openinx,tisonkun,1
paul8263,Myracle,1
rkhachatryan,XComp,1
ozancicek,Myasuka,1
packet23,tillrohrmann,1
pan3793,SteNicholas,1
paul8263,Myasuka,1
pan3793,leonardBang,1
rkhachatryan,Jiayi-Liao,1
pan3793,wangyum,1
patricklucas,alpinegizmo,1
paul8263,KarmaGYZ,1
paul8263,JingsongLi,1
patricklucas,gobozov,1
paul8263,Airblader,1
paul8263,AHeise,1
rkhachatryan,alpinegizmo,1
patricklucas,greghogan,1
patricklucas,iemejia,1
openinx,KarmaGYZ,1
openinx,JingsongLi,1
paul8263,empcl,1
openinx,DashShen,1
nielsbasjes,tzulitai,1
nielsbasjes,wangyang0918,1
paul8263,slinkydeveloper,1
nirtsruya,CrynetLogistics,1
nirtsruya,dannycranmer,1
nizhikov,wuchong,1
nragon,zentol,1
nuno-c-afonso,dannycranmer,1
paul8263,loniecc,1
rkhachatryan,kezhuw,1
rkhachatryan,NicoK,1
nyingping,RyanSkraba,1
okumin,fhueske,1
onyourhead,Myasuka,1
rkhachatryan,infoverload,1
paul8263,fapaul,1
onyourhead,fapaul,1
onyourhead,tillrohrmann,1
oogetyboogety,RyanSkraba,1
oogetyboogety,knaufk,1
rkhachatryan,ifndef-SleePy,1
renxiaoyao,SteNicholas,1
pensz,cuspymd,1
metaswirl,rkhachatryan,1
rohitagarwal003,mxm,1
mohitpali,LinyuYao1021,1
qqibrow,kl0u,1
mohitpali,dannycranmer,1
rovo98,Myasuka,1
mohitpali,rmetzger,1
rovboyko,twalthr,1
rovboyko,matriv,1
raghavgautam,zentol,1
ramkrish86,ex00,1
ramkrish86,fhueske,1
rohitagarwal003,kl0u,1
morsapaes,alpinegizmo,1
roeyshemtov,aljoscha,1
robstoll,zentol,1
rmetzger,zhisheng17,1
ramkrish86,shixiaogang,1
mohitpali,zentol,1
pltbkd,becketqin,1
ramkrish86,tillrohrmann,1
rmetzger,twalthr,1
morsapaes,aljoscha,1
rmetzger,shuiqiangchen,1
pltbkd,dmvk,1
mlipkovich,haohui,1
mlipkovich,aljoscha,1
rtudoran,hongyuhong,1
ruanhang1993,SteNicholas,1
metaswirl,tillrohrmann,1
mghildiy,aljoscha,1
mghildiy,klion26,1
miaoever,twalthr,1
miaoever,wuchong,1
pnelligan,uce,1
michaelli916,JingsongLi,1
michalklempa,zentol,1
qinjunjerry,fapaul,1
mikedias,rmetzger,1
pluppens,tzulitai,1
pltbkd,zhuzhurk,1
ruanhang1993,OneCricketeer,1
mikedias,tzulitai,1
qinjunjerry,gaoyunhaii,1
qinjunjerry,klion26,1
miklosgergely,leonardBang,1
miklosgergely,mbalassi,1
miklosgergely,rmetzger,1
mklein0,pnowojski,1
rmetzger,rkhachatryan,1
movesan,Myasuka,1
pensz,fsk119,1
mushketyk,wuchong,1
mtunique,twalthr,1
mtunique,zentol,1
rmetzger,azagrebin,1
mushketyk,StephanEwen,1
razvan100,GJL,1
rmetzger,StephanEwen,1
mushketyk,kl0u,1
mushketyk,rmetzger,1
philippbussche,rmetzger,1
razvan100,uce,1
rbonifacio,greghogan,1
ramkrish86,tonycox,1
rbonifacio,zentol,1
realdengziqi,fapaul,1
mxm,StephanEwen,1
realdengziqi,zjuwangg,1
rehevkor5,EugeneYushin,1
rehevkor5,tweise,1
pensz,wuchong,1
mxm,dawidwys,1
mxm,fhueske,1
mxm,rohitagarwal003,1
rmetzger,becketqin,1
mtunique,fhueske,1
philippbussche,zentol,1
raywill,Myasuka,1
rmetzger,mxm,1
mpdn,tillrohrmann,1
mpouttuclarke,tzulitai,1
ramkrish86,wuchong,1
shenzhu,YesOrNo828,1
mproch,tillrohrmann,1
rmetzger,leonardBang,1
piyushnarang,Myasuka,1
mr-cloud,HuangZhenQiu,1
rmetzger,jbampton,1
mrzhangboss,AjaxXu,1
rmetzger,ifndef-SleePy,1
raymondtay,zentol,1
pierre94,RocMarshal,1
mrzhangboss,klion26,1
rmetzger,geektcp,1
rmetzger,gaoyunhaii,1
mtunique,KurtYoung,1
rmetzger,fapaul,1
mtunique,StephanEwen,1
mtunique,bowenli86,1
qinjunjerry,tillrohrmann,1
0xparashar,ggevay,1
shenzhu,Zakelly,1
yanghua,KarmaGYZ,1
xuyangzhong,snuyanzin,1
xuyangzhong,twalthr,1
xuyangzhong,zjuwangg,1
xuzifu666,dmvk,1
xuzifu666,leonardBang,1
xuzifu666,tillrohrmann,1
yanchenyun,Myasuka,1
yanghua,1u0,1
yanghua,Myasuka,1
xuyangzhong,fsk119,1
yanghua,alpinegizmo,1
yanghua,bowenli86,1
yanghua,florianschmidt1994,1
yanghua,gyfora,1
yanghua,lamberken,1
yanghua,suez1224,1
yanghua,sunjincheng121,1
yanghua,tweise,1
xuyangzhong,slinkydeveloper,1
xuyangzhong,beyond1920,1
yanghua,ye-lun,1
xueyumusic,tisonkun,1
xuewang,fsk119,1
xuewang,wuchong,1
xueyumusic,Fokko,1
xueyumusic,bowenli86,1
xueyumusic,dawidwys,1
xueyumusic,fhueske,1
xueyumusic,pnowojski,1
xueyumusic,tillrohrmann,1
xueyumusic,tzulitai,1
xuyangzhong,RyanSkraba,1
xuguangheng,godfreyhe,1
xuyang1706,bowenli86,1
xuyang1706,cainingnk,1
xuyang1706,shaoxuan-wang,1
xuyang1706,weibo611,1
xuyangzhong,Airblader,1
xuyangzhong,JingsongLi,1
xuyangzhong,KurtYoung,1
yanghua,uce,1
yanghua,yew1eb,1
xuefuz,sunjincheng121,1
youngwookim,wuchong,1
yittg,MartijnVisser,1
yittg,luoyuxia,1
yittg,zentol,1
ylchou,RocMarshal,1
ylchou,wuchong,1
yljee,95chenjz,1
yljee,RocMarshal,1
yljee,movesan,1
ysn2233,Myasuka,1
yew1eb,StephanEwen,1
ysn2233,veysiertekin,1
ysymi,Airblader,1
ysymi,tillrohrmann,1
yuanyangwu,sunjincheng121,1
yuezhuangshi,synckey,1
yuezhuangshi,wuchong,1
yulei0824,zentol,1
yumengz5,klion26,1
yinchuanwang,tillrohrmann,1
yestinchen,kl0u,1
yanghua,zhangminglei,1
yangjf2019,xintongsong,1
yanghua,zhijiangW,1
yangjf2019,KarmaGYZ,1
yangjf2019,NicoK,1
yangjf2019,StephanEwen,1
yangjf2019,XComp,1
yangjf2019,bowenli86,1
yangjf2019,gaoyunhaii,1
yangjf2019,infoverload,1
yangjf2019,zentol,1
yestinchen,fhueske,1
yangjunhan,simplejason,1
yangyichao-mango,XBaith,1
yangyichao-mango,alpinegizmo,1
yanyan300300,NicoK,1
yanyan300300,tillrohrmann,1
ye-lun,xccui,1
yestinchen,dawidwys,1
yestinchen,dianfu,1
xuefuz,twalthr,1
xuefuz,hequn8128,1
wisgood,StephanEwen,1
wulei0302,MrWhiteSike,1
wuchong,gaoyunhaii,1
wuchong,hustfxj,1
wuchong,lincoln-lil,1
wuchong,pnowojski,1
wuchong,tisonkun,1
wuchong,tonycox,1
wuchong,walterddr,1
wuchong,zjuwangg,1
wulei0302,RocMarshal,1
wuchong,dongguilin,1
wulei0302,dawidwys,1
wulei0302,klion26,1
wydhcws,dawidwys,1
wydhcws,ex34toway,1
wydhcws,klion26,1
wysstartgo,wuchong,1
wzhero1,tillrohrmann,1
wzhero1,walterddr,1
wuchong,fsk119,1
wuchong,docete,1
xccui,bowenli86,1
wsry,TanYuxin-tyx,1
wittyameta,yanghua,1
wjc920,tillrohrmann,1
wooplevip,XComp,1
wooplevip,dawidwys,1
wooplevip,tillrohrmann,1
wpc009,pnowojski,1
wsry,AHeise,1
wsry,KarmaGYZ,1
wsry,carp84,1
wuchong,cshuo,1
wsry,curcur,1
wsry,xintongsong,1
wsz94,AHeise,1
wsz94,imaffe,1
wsz94,nlu90,1
wsz94,syhily,1
wtog,kl0u,1
wuchong,AHeise,1
xccui,aljoscha,1
xccui,greghogan,1
xuefuz,JingsongLi,1
xmarker,KurtYoung,1
xintongsong,Myasuka,1
xintongsong,dawidwys,1
xintongsong,guoweiM,1
xintongsong,kezhuw,1
xintongsong,rmetzger,1
xintongsong,walterddr,1
xintongsong,zhengcanbin,1
xintongsong,zhijiangW,1
xmarker,dmvk,1
xinbinhuang,zentol,1
xmarker,fapaul,1
xmarker,syhily,1
xmarker,twalthr,1
xmarker,yimeisun,1
xndai,shaoxuan-wang,1
xuanyu66,fsk119,1
xuchao0903,Myasuka,1
xuchao0903,tillrohrmann,1
xinchun-wang,tillrohrmann,1
xinbinhuang,SteNicholas,1
xccui,knaufk,1
xiaoHoly,ruanhang1993,1
xccui,sunjincheng121,1
xhumanoid,Fokko,1
xiangqiao123,Myracle,1
xiangqiao123,hililiwei,1
xiangtao,fsk119,1
xiangtao,wuchong,1
xiaoHoly,V1ncentzzZ,1
xiaoHoly,becketqin,1
xiaoHoly,tillrohrmann,1
xinbinhuang,KarmaGYZ,1
xiaoHoly,zck573693104,1
xiaoHoly,zhuxiaoshang,1
xiaolong-sn,krin-wang,1
xiaolong-sn,tzulitai,1
xiaozongyang,chrismiller,1
xiaozongyang,pluppens,1
xiaozongyang,sijie,1
xiaozongyang,surryr,1
yumengz5,tillrohrmann,1
yun-wang,KarmaGYZ,1
yun-wang,wuchong,1
zjffdu,hequn8128,1
zicat,leonardBang,1
zicat,wenlong88,1
zicat,wuchong,1
zjffdu,MrABKhan,1
zjffdu,bowenli86,1
zjffdu,danny0405,1
zjffdu,dawidwys,1
zjffdu,godfreyhe,1
zjffdu,twalthr,1
zicat,JingsongLi,1
zjffdu,wuchong,1
zjffdu,xuefuz,1
zjffdu,zentol,1
zjffdu,zjuwangg,1
zjureel,GJL,1
zjureel,NicoK,1
zjureel,XComp,1
zjureel,aljoscha,1
zicat,godfreyhe,1
zhwangke,wuchong,1
zjureel,greghogan,1
zhuxiaoshang,klion26,1
zhuhaifengleon,StephanEwen,1
zhuhaifengleon,greghogan,1
zhule0601,klion26,1
zhule0601,libenchao,1
zhule0601,lirui-apache,1
zhuxiaoshang,RocMarshal,1
zhuxiaoshang,V1ncentzzZ,1
zhuxiaoshang,kl0u,1
zhuxiaoshang,lirui-apache,1
zhuzhurk,wuchong,1
zhuxiaoshang,twalthr,1
zhuxiaoshang,vthinkxie,1
zhuxiaoshang,wangxlong,1
zhuxiaoshang,zhisheng17,1
zhuzhurk,KurtYoung,1
zhuzhurk,gaoyunhaii,1
zhuzhurk,guoweiM,1
zhuzhurk,wanglijie95,1
zjureel,cjolif,1
zjureel,tedyu,1
yuqi1129,StefanRRichter,1
zuston,SteNicholas,1
zoudan,XComp,1
zoudan,twalthr,1
zsq12138,Myasuka,1
zuoniduimian,PatrickRen,1
zuoniduimian,RollsBean,1
zuoniduimian,edmondsky,1
zuoniduimian,wuchong,1
zuston,RocMarshal,1
zuston,XComp,1
zoucao,RocMarshal,1
zuston,dmvk,1
zuston,gaborgsomogyi,1
zzccctv,tillrohrmann,1
zzchun,chunweilei,1
zzchun,klion26,1
zzchun,rmetzger,1
zzchun,tillrohrmann,1
zzchun,twalthr,1
zoucao,fsk119,1
zorro786,tillrohrmann,1
zjureel,tzulitai,1
zlzhang0122,pnowojski,1
zjureel,xintongsong,1
zjuwangg,dawidwys,1
zjuwangg,zjffdu,1
zlb1028,kl0u,1
zlzhang0122,AHeise,1
zlzhang0122,XBaith,1
zlzhang0122,XComp,1
zlzhang0122,akalash,1
zlzhang0122,tillrohrmann,1
zoltar9264,xintongsong,1
zm12397,klion26,1
zm12397,wuchong,1
zodo,rmetzger,1
zohar-mizrahi,zentol,1
zoltar9264,RocMarshal,1
zoltar9264,amazingJing,1
zoltar9264,masteryhx,1
zoltar9264,pnowojski,1
zhuanshenbsj1,MartijnVisser,1
zhoulii,wangyang0918,1
zhoulii,tillrohrmann,1
zentol,hequn8128,1
zenfenan,zentol,1
zentol,JingsongLi,1
zentol,KurtYoung,1
zentol,dernasherbrezon,1
zentol,fhueske,1
zentol,geektcp,1
zentol,guizmaii,1
zentol,healchow,1
zentol,igalshilman,1
zenfenan,gaoyunhaii,1
zentol,jerry-024,1
zentol,kezhuw,1
zentol,matriv,1
zentol,packet23,1
zentol,ruanhang1993,1
zentol,sihuazhou,1
zentol,sunjincheng121,1
zentol,vthinkxie,1
zenfenan,rmetzger,1
zenfenan,eskabetxe,1
zhoulii,slinkydeveloper,1
yuyang08,Myasuka,1
yuqi1129,dawidwys,1
yuqi1129,tillrohrmann,1
yuqi1129,zentol,1
yuruguo,RocMarshal,1
yuruguo,wangyang0918,1
yuruguo,wuchong,1
yushujun,Huanli-Meng,1
yushujun,XComp,1
yuyang08,walterddr,1
zenfenan,StephanEwen,1
yxu-valleytider,kl0u,1
yxu-valleytider,mxm,1
yzandrew,fhueske,1
z8r-coder,JingsongLi,1
z8r-coder,lirui-apache,1
zapjone,tillrohrmann,1
zch93,zentol,1
zck573693104,fsk119,1
zentol,xmarker,1
zentol,zjffdu,1
zhangbinzaifendou,Myasuka,1
zhijiangW,clarkyzl,1
zhengcanbin,vijikarthi,1
zhenzhongxu,GJL,1
zhenzhongxu,StephanEwen,1
zhenzhongxu,tzulitai,1
zhenzhongxu,zentol,1
zhijiangW,alpinegizmo,1
zhijiangW,bowenli86,1
zhijiangW,carp84,1
zhisheng17,KarmaGYZ,1
zhangmeng0426,KarmaGYZ,1
zhisheng17,V1ncentzzZ,1
zhisheng17,kylemeow,1
zhisheng17,leonardBang,1
zhisheng17,xiaoHoly,1
zhiyezou,wuchong,1
zhongqishang,wuchong,1
zhougit86,JingsongLi,1
zhoulii,XComp,1
zhengcanbin,rmetzger,1
zhengcanbin,kylemeow,1
zhengcanbin,kl0u,1
zhengcanbin,XuQianJin-Stars,1
zhangminglei,NicoK,1
zhangminglei,aljoscha,1
zhangminglei,azagrebin,1
zhangminglei,mingmxu,1
zhangminglei,pnowojski,1
zhangminglei,sagarl,1
zhangminglei,sihuazhou,1
zhangminglei,tedyu,1
zhangminglei,wgtmac,1
zhangminglei,xndai,1
zhangminglei,yuruiz,1
zhangxinyu1,ifndef-SleePy,1
zhangyy91,rkhachatryan,1
zhangzhl5,95chenjz,1
zhangzhl5,RocMarshal,1
zhengcanbin,XBaith,1
zhengcanbin,XComp,1
wisgood,pnowojski,1
wheresalice,GJL,1
shenzhu,beyond1920,1
sunhaibotb,sjwiesman,1
suez1224,tisonkun,1
suez1224,tzulitai,1
suez1224,zentol,1
sunhaibotb,1u0,1
sunhaibotb,JingsongLi,1
sunhaibotb,aljoscha,1
sunhaibotb,klion26,1
sunhaibotb,rkhachatryan,1
sunhaibotb,tillrohrmann,1
suez1224,hequn8128,1
sunhaibotb,zentol,1
sunhaibotb,zhijiangW,1
sunjincheng121,HuangXingBo,1
sunjincheng121,KurtYoung,1
sunjincheng121,jparkie,1
sunjincheng121,klion26,1
sunjincheng121,tedyu,1
sunjincheng121,tillrohrmann,1
suez1224,kien-truong,1
suez1224,fatjoshua,1
sunxiaoguang,Shawn-Hx,1
static-max,fpompermaier,1
spoon-lz,wangyang0918,1
springMoon,alpreu,1
springMoon,wuchong,1
sravankorumilli,Myasuka,1
srinipunuru,AHeise,1
srinipunuru,izzyacademy,1
ssoydan,zentol,1
static-max,aljoscha,1
static-max,rmetzger,1
suez1224,EronWright,1
static-max,tzulitai,1
stayhsfLee,klion26,1
stefanobortoli,fhueske,1
stephenc,zentol,1
stevenzwu,Myasuka,1
stevenzwu,tillrohrmann,1
stevenzwu,tzulitai,1
stoiev,XComp,1
sunjincheng121,zhijiangW,1
sunxiaoguang,wuchong,1
spafka,StefanRRichter,1
tillrohrmann,Matrix42,1
tianchen92,dawidwys,1
tianchen92,tisonkun,1
tianchen92,wangyang0918,1
tianchen92,xintongsong,1
tianchen92,zentol,1
tillrohrmann,AHeise,1
tillrohrmann,Clarkkkkk,1
tillrohrmann,HuangZhenQiu,1
tillrohrmann,SteNicholas,1
thvasilo,skonto,1
tillrohrmann,alpinegizmo,1
tillrohrmann,carp84,1
tillrohrmann,gaborgsomogyi,1
tillrohrmann,hequn8128,1
tillrohrmann,igalshilman,1
tillrohrmann,jerry-024,1
tillrohrmann,kisimple,1
tillrohrmann,leonardBang,1
tianchen92,chunweilei,1
thinkerou,zentol,1
sunzheng1002,wuchong,1
syhily,Myracle,1
suxinglee,sunjincheng121,1
suxinglee,yanghua,1
suxinglee,zentol,1
sv3ndk,pensz,1
sv3ndk,zentol,1
swhelan091,zentol,1
syhily,BewareMyPower,1
syhily,Huanli-Meng,1
syhily,codelipenghui,1
themez,rmetzger,1
syhily,dawidwys,1
syhily,imaffe,1
taizilongxu,1u0,1
taizilongxu,tzulitai,1
tashoyan,tillrohrmann,1
tedyu,tillrohrmann,1
tfournier314,greghogan,1
tfournier314,thvasilo,1
spoon-lz,tisonkun,1
soniclavier,aljoscha,1
wg1026688210,zhuxiaoshang,1
shuiqiangchen,wangyang0918,1
shuai-xu,rmetzger,1
shuai-xu,tisonkun,1
shuai-xu,zhuzhurk,1
shuiqiangchen,SteNicholas,1
shuiqiangchen,WeiZhong94,1
shuiqiangchen,XComp,1
shuiqiangchen,anonymouscodeholic,1
shuiqiangchen,twalthr,1
shuiqiangchen,zentol,1
shuai-xu,azagrebin,1
shuiqiangchen,zjffdu,1
shuttie,AHeise,1
siavash119,dianfu,1
sihuazhou,StephanEwen,1
sihuazhou,alpinegizmo,1
sihuazhou,dawidwys,1
sihuazhou,tzulitai,1
simenliuxing,beyond1920,1
shuai-xu,libenchao,1
shuai-xu,NicoK,1
simplejason,sorahn,1
shixiaogang,gyfora,1
shenzhu,fapaul,1
shenzhu,twalthr,1
shenzhu,zentol,1
shidayang,Airblader,1
shijinkui,StephanEwen,1
shijinkui,twalthr,1
shijinkui,uce,1
shixiaogang,bowenli86,1
shixiaogang,tillrohrmann,1
shuai-xu,EronWright,1
shixiaogang,wenlong88,1
shizhengchao,PatrickRen,1
shizhengchao,libenchao,1
shizhengchao,lirui-apache,1
shmyer,leonardBang,1
shouweikun,fapaul,1
shouweikun,lirui-apache,1
shouweikun,pnowojski,1
simenliuxing,wuchong,1
simplejason,vthinkxie,1
snuyanzin,yanghua,1
snuyanzin,JingsongLi,1
slinkydeveloper,JingsongLi,1
slinkydeveloper,godfreyhe,1
slinkydeveloper,lsyldliu,1
slinkydeveloper,snuyanzin,1
slinkydeveloper,wenlong88,1
smattheis,dawidwys,1
snailHumming,MartijnVisser,1
snuyanzin,Airblader,1
snuyanzin,RyanSkraba,1
slankka,tillrohrmann,1
snuyanzin,fapaul,1
snuyanzin,leonardBang,1
snuyanzin,pnowojski,1
snuyanzin,tedyu,1
snuyanzin,tillrohrmann,1
snuyanzin,tsreaper,1
snuyanzin,tzulitai,1
snuyanzin,walterddr,1
slinkydeveloper,Iqbalat87,1
skyguard1,zentol,1
sjwiesman,1u0,1
sjwiesman,curcur,1
sjwiesman,JingsongLi,1
sjwiesman,MartijnVisser,1
sjwiesman,RocMarshal,1
sjwiesman,StefanRRichter,1
sjwiesman,alibahadirzeybek,1
sjwiesman,alpreu,1
sjwiesman,bowenli86,1
sjwiesman,carp84,1
sjwiesman,kezhuw,1
skrishnappa,mxm,1
sjwiesman,kl0u,1
sjwiesman,klion26,1
sjwiesman,lirui-apache,1
sjwiesman,mfussenegger,1
sjwiesman,qinjunjerry,1
skidder,kanfade,1
skidder,tillrohrmann,1
skidder,tzulitai,1
tillrohrmann,maxmzkr,1
tillrohrmann,mxm,1
tillrohrmann,shuiqiangchen,1
vthinkxie,wuchong,1
vetriselvan1187,kl0u,1
viirya,gyfora,1
vijikarthi,EronWright,1
vijikarthi,StephanEwen,1
vijikarthi,WangTaoTheTonic,1
vintageplayer,Myasuka,1
vthinkxie,hsuanxyz,1
vthinkxie,tisonkun,1
walterddr,KarmaGYZ,1
vasia,helfper,1
walterddr,KurtYoung,1
walterddr,azagrebin,1
walterddr,danny0405,1
walterddr,rmetzger,1
walterddr,suez1224,1
walterddr,tzulitai,1
wangjian2019,gaoyunhaii,1
wangjian2019,link3280,1
vasia,tillrohrmann,1
uybhatti,haohui,1
wanglijie95,pnowojski,1
tzulitai,mikedias,1
tweise,rmetzger,1
twentyworld,XBaith,1
twentyworld,yangyichao-mango,1
tzulitai,KurtYoung,1
tzulitai,azagrebin,1
tzulitai,cjolif,1
tzulitai,fpompermaier,1
tzulitai,koeninger,1
tzulitai,sihuazhou,1
uybhatti,fhueske,1
tzulitai,sunjincheng121,1
tzulitai,uce,1
tzulitai,wuchong,1
tzulitai,zhangminglei,1
ubyyj,walterddr,1
uce,alpinegizmo,1
uce,fhueske,1
uce,patricklucas,1
wanglijie95,dmvk,1
wanglijie95,wsry,1
tillrohrmann,steveloughran,1
weizheng92,XBaith,1
wangyang0918,yanghua,1
wangyang0918,yittg,1
wangzhiwubigdata,JingGe,1
wangzhiwubigdata,RocMarshal,1
wangzzu,aljoscha,1
wangzzu,kl0u,1
wbgentleman,tisonkun,1
wbgentleman,wuchong,1
weizheng92,dianfu,1
wangyang0918,leonardBang,1
wenlong88,AHeise,1
wenlong88,RocMarshal,1
wenlong88,StephanEwen,1
wenlong88,beyond1920,1
wenlong88,greghogan,1
wenlong88,twalthr,1
wenlong88,wuchong,1
wg1026688210,zhijiangW,1
wangyang0918,pnowojski,1
wangyang0918,dawidwys,1
wanglijie95,wuchong,1
wangxlong,GJL,1
wangpeibin713,leonardBang,1
wangqinghuan,ruanhang1993,1
wangwei1025,JingsongLi,1
wangxianghu,rmetzger,1
wangxianghu,wuchong,1
wangxiyuan,Myasuka,1
wangxiyuan,tisonkun,1
wangxiyuan,zentol,1
wangxlong,KarmaGYZ,1
wangyang0918,XComp,1
wangxlong,aljoscha,1
wangxlong,danny0405,1
wangxlong,docete,1
wangxlong,godfreyhe,1
wangxlong,tisonkun,1
wangyang0918,Jiayi-Liao,1
wangyang0918,JingsongLi,1
wangyang0918,MiLk,1
tweise,matriv,1
tweise,mas-chen,1
tweise,kailashhd,1
tony810430,xintongsong,1
tony810430,Myasuka,1
tony810430,StephanEwen,1
tony810430,becketqin,1
tony810430,haohui,1
tony810430,leonardBang,1
tony810430,tillrohrmann,1
tony810430,tsriharsha,1
tony810430,wuchong,1
tonycox,StephanEwen,1
todd5167,wuchong,1
tonycox,ex00,1
tonycox,godfreyhe,1
tonycox,twalthr,1
tragicjun,GJL,1
tragicjun,JingsongLi,1
tragicjun,fhueske,1
tragicjun,walterddr,1
trionesadam,NicoK,1
tony810430,MartijnVisser,1
todd5167,twalthr,1
tweise,jcarey03,1
tisonkun,dawidwys,1
tillrohrmann,tony810430,1
tillrohrmann,walterddr,1
tillrohrmann,wuchong,1
tillrohrmann,zhenzhongxu,1
tillrohrmann,zjffdu,1
tinder-dthomson,tweise,1
tisonkun,StefanRRichter,1
tisonkun,StephanEwen,1
tisonkun,libenchao,1
todd5167,RocMarshal,1
tisonkun,nicoweidner,1
tisonkun,pnowojski,1
tisonkun,wangyang0918,1
tisonkun,wuchong,1
tisonkun,xintongsong,1
tisonkun,zhuzhurk,1
tisonkun,zoudaokoulife,1
tmoser2525,tweise,1
trionesadam,azagrebin,1
trionesadam,zhangminglei,1
trushev,KurtYoung,1
twalthr,shaoxuan-wang,1
twalthr,ex00,1
twalthr,fsk119,1
twalthr,hackergin,1
twalthr,igalshilman,1
twalthr,leonardBang,1
twalthr,lirui-apache,1
twalthr,mxm,1
twalthr,rmetzger,1
twalthr,tedyu,1
trushev,hililiwei,1
twalthr,tillrohrmann,1
twalthr,xintongsong,1
tweise,GJL,1
tweise,StefanRRichter,1
tweise,StephanEwen,1
tweise,dawidwys,1
tweise,haltwise,1
tweise,infoverload,1
twalthr,docete,1
twalthr,dannycranmer,1
twalthr,cshuo,1
tsriharsha,tzulitai,1
trushev,rmetzger,1
tsianglei,XComp,1
tsreaper,Airblader,1
tsreaper,JingGe,1
tsreaper,RyanSkraba,1
tsreaper,docete,1
tsreaper,fapaul,1
tsreaper,fsk119,1
tsreaper,leonardBang,1
tsreaper,lirui-apache,1
tsreaper,matriv,1
tsreaper,pnowojski,1
tsreaper,rmetzger,1
tsreaper,xintongsong,1
tsreaper,xuefuz,1
tsreaper,zjffdu,1
mans2singh,MartijnVisser,1
tsreaper,zjuwangg,1
jerry-024,wuchong,1
mans2singh,1u0,1
X-czh,xintongsong,1
XComp,KarmaGYZ,1
XComp,MartijnVisser,1
XComp,SteNicholas,1
XComp,bytesandwich,1
XComp,dianfu,1
XComp,fapaul,1
XComp,kl0u,1
XComp,slinkydeveloper,1
XComp,tisonkun,1
XComp,zhijiangW,1
Xeli,Fokko,1
Xeli,afedulov,1
Xeli,nielsbasjes,1
Xeli,sceee,1
Xeli,yanghua,1
Xpray,aljoscha,1
Xpray,jahandarm,1
Xpray,pnowojski,1
Xpray,shuiqiangchen,1
Xpray,tzulitai,1
Xpray,yanghua,1
XuPingyong,godfreyhe,1
XuPingyong,tillrohrmann,1
X-czh,yangjunhan,1
Wosin,yanghua,1
XuQianJin-Stars,KurtYoung,1
Wosin,tillrohrmann,1
Thesharing,XComp,1
Thesharing,gaoyunhaii,1
Thesharing,pnowojski,1
Tmin10,Guibo-Pan,1
Tom-Goong,Myasuka,1
Tom-Goong,dawidwys,1
Tom-Goong,wuchong,1
Tom-Goong,zentol,1
TszKitLo40,tillrohrmann,1
V1ncentzzZ,fsk119,1
V1ncentzzZ,godfreyhe,1
V1ncentzzZ,leonardBang,1
Vancior,SteNicholas,1
Vancior,cody195,1
VenturaDelMonte,manuzhang,1
Wahno,MartijnVisser,1
WangTaoTheTonic,EronWright,1
WangTaoTheTonic,shijinkui,1
WangTaoTheTonic,wenlong88,1
WeiZhong94,alpinegizmo,1
WeiZhong94,zhijiangW,1
WencongLiu,xintongsong,1
WilliamSong112,dianfu,1
XuPingyong,twalthr,1
XuQianJin-Stars,Leeviiii,1
akalash,alpinegizmo,1
ZhijieYang,leonardBang,1
Zor-X-L,rmetzger,1
Zor-X-L,wangyang0918,1
a-romero,zentol,1
aai95,yanghua,1
aalexandrov,rmetzger,1
aalexandrov,twalthr,1
aalexandrov,wuchong,1
addisonj,EronWright,1
addisonj,aljoscha,1
addisonj,zentol,1
advancedwebdeveloper,rmetzger,1
afedulov,StephanEwen,1
afedulov,aljoscha,1
afedulov,dmvk,1
afedulov,fhueske,1
afedulov,gaoyunhaii,1
afedulov,knaufk,1
afedulov,rkhachatryan,1
afedulov,slinkydeveloper,1
afedulov,vthinkxie,1
afedulov,wuchong,1
akalash,KarmaGYZ,1
akalash,MartijnVisser,1
ZhijieYang,wuchong,1
ZhijieYang,JingsongLi,1
XuQianJin-Stars,walterddr,1
ZhangChaoming,RocMarshal,1
YesOrNo828,JingsongLi,1
YesOrNo828,tsreaper,1
YikSanChan,fdalsotto,1
YongjinZhou,dianfu,1
YongjinZhou,wuchong,1
YuriGusev,CrynetLogistics,1
YuriGusev,DMalliaros,1
YuriGusev,almogtavor,1
YuriGusev,dannycranmer,1
YuriGusev,nirtsruya,1
YuriGusev,vahmed-hamdy,1
YuvalItzchakov,fsk119,1
YuvalItzchakov,tsreaper,1
YuvalItzchakov,wenlong88,1
ZP315,MartijnVisser,1
Zakelly,HuangXingBo,1
Zakelly,NicoK,1
Zakelly,dianfu,1
Zakelly,klion26,1
Zakelly,xintongsong,1
Zakelly,zhangyy91,1
ZhangChaoming,Airblader,1
ZhangChaoming,MartijnVisser,1
TennyZhuang,wuchong,1
TennyZhuang,tisonkun,1
Tartarus0zm,zjuwangg,1
SmirnovOleg,zentol,1
SteNicholas,KarmaGYZ,1
SteNicholas,XComp,1
SteNicholas,carp84,1
SteNicholas,danny0405,1
SteNicholas,gaoyunhaii,1
SteNicholas,guoweiM,1
SteNicholas,kl0u,1
SteNicholas,klion26,1
SteNicholas,pnowojski,1
SteNicholas,rmetzger,1
SteNicholas,ruanhang1993,1
SteNicholas,sjwiesman,1
SteNicholas,slinkydeveloper,1
SteNicholas,tsreaper,1
SteNicholas,wangyang0918,1
SteNicholas,wsry,1
SteNicholas,zhuzhurk,1
StefanRRichter,ChrisChinchilla,1
StefanRRichter,GJL,1
StefanRRichter,NicoK,1
StefanRRichter,carp84,1
StefanRRichter,fhueske,1
StefanRRichter,greghogan,1
SokolovMS,twalthr,1
Shih-Wei-Hsu,dianfu,1
Tartarus0zm,tsreaper,1
Shawn-Hx,wuchong,1
RocMarshal,jorocpan,1
RocMarshal,leonardBang,1
RocMarshal,sjwiesman,1
RocMarshal,slinkydeveloper,1
RocMarshal,sv3ndk,1
RocMarshal,tisonkun,1
RocMarshal,twalthr,1
RollsBean,hackergin,1
RollsBean,ranqiqiang,1
RustedBones,StephanEwen,1
RustedBones,tweise,1
RustedBones,zentol,1
RyanSkraba,Airblader,1
RyanSkraba,MartijnVisser,1
Ryantaocer,StefanRRichter,1
Salatich,RocMarshal,1
Salatich,klion26,1
Salatich,walterddr,1
Salatich,zentol,1
Senhongl,PatrickRen,1
Senhongl,wuchong,1
Shawn-Hx,dawidwys,1
Shawn-Hx,twalthr,1
StefanRRichter,kezhuw,1
StefanRRichter,mdaxini,1
StefanRRichter,rmetzger,1
StefanRRichter,shixiaogang,1
StephenJeson,tillrohrmann,1
StevenLangbroek,uce,1
Sunt-ing,wuchong,1
Sxnan,Ethanlm,1
Sxnan,TanYuxin-tyx,1
Sxnan,dawidwys,1
Sxnan,gaoyunhaii,1
Sxnan,shuai-xu,1
Sxnan,wsry,1
Sxnan,zentol,1
T0UGH,HuangXingBo,1
TJX2014,AHeise,1
TJX2014,Airblader,1
TJX2014,wuchong,1
TanYuxin-tyx,guoweiM,1
TaoYang526,tillrohrmann,1
Tartarus0zm,MartijnVisser,1
Tartarus0zm,beyond1920,1
Tartarus0zm,carp84,1
Tartarus0zm,knaufk,1
Tartarus0zm,lirui-apache,1
Tartarus0zm,luoyuxia,1
Tartarus0zm,rmetzger,1
StephanEwen,tweise,1
StephanEwen,sundargates,1
StephanEwen,steveloughran,1
StephanEwen,Tiaaa,1
StefanRRichter,shuai-xu,1
StefanRRichter,sunhaibotb,1
StefanRRichter,tedyu,1
StefanRRichter,tony810430,1
StefanRRichter,twalthr,1
StefanRRichter,zjffdu,1
StephanEwen,AHeise,1
StephanEwen,KurtYoung,1
StephanEwen,NicoK,1
StephanEwen,Ryantaocer,1
StephanEwen,alpinegizmo,1
StephanEwen,sjwiesman,1
StephanEwen,azagrebin,1
StephanEwen,banmoy,1
StephanEwen,curcur,1
StephanEwen,eaglewatcherwb,1
StephanEwen,fapaul,1
StephanEwen,leonardBang,1
StephanEwen,lirui-apache,1
StephanEwen,rkhachatryan,1
StephanEwen,shaoxuan-wang,1
StephanEwen,shijinkui,1
akalash,Myasuka,1
akalash,qinjunjerry,1
chancelq,carp84,1
becketqin,sunjincheng121,1
becketqin,wuchong,1
becketqin,xintongsong,1
benlamonica,zentol,1
benoitparis,KurtYoung,1
benoitparis,bdine,1
beyond1920,alpinegizmo,1
beyond1920,bowenli86,1
beyond1920,dawidwys,1
beyond1920,infoverload,1
beyond1920,sunjincheng121,1
beyond1920,xuefuz,1
bgeng777,wuchong,1
bigdata-ny,wuchong,1
billyrrr,dianfu,1
binlijin,zentol,1
bioker,suez1224,1
bitchelov,greghogan,1
bitchelov,zentol,1
biyuhao,JingGe,1
biyuhao,MartijnVisser,1
bjlovegithub,StephanEwen,1
bjlovegithub,mproch,1
bjlovegithub,tillrohrmann,1
becketqin,tsreaper,1
becketqin,sundargates,1
blacksunshine,tisonkun,1
becketqin,rmetzger,1
azagrebin,hequn8128,1
azagrebin,ifndef-SleePy,1
azagrebin,tzulitai,1
b923,aljoscha,1
b923,dmvk,1
b923,zentol,1
backsapce,RyanSkraba,1
banmoy,Myasuka,1
banmoy,StefanRRichter,1
banmoy,carp84,1
banmoy,klion26,1
barcahead,zentol,1
baugarten,xintongsong,1
bbaja42,rmetzger,1
bbayani,EronWright,1
bbayani,tillrohrmann,1
bdine,NicoK,1
becketqin,Jiayi-Liao,1
becketqin,Sxnan,1
becketqin,aljoscha,1
becketqin,carp84,1
becketqin,kezhuw,1
becketqin,lirui-apache,1
blacksunshine,GJL,1
blake-wilson,dannycranmer,1
akalash,rmetzger,1
bytesandwich,zentol,1
camilesing,tillrohrmann,1
camilesing,zentol,1
caozhen1937,HuangXingBo,1
caozhen1937,fsk119,1
caozhen1937,wangxlong,1
caozhen1937,wangyang0918,1
carp84,azagrebin,1
carp84,becketqin,1
carp84,klion26,1
carp84,sunjincheng121,1
carryxyh,Matrix42,1
carryxyh,dawidwys,1
casidiablo,alpinegizmo,1
casidiablo,greghogan,1
casidiablo,zentol,1
catkint,klion26,1
catkint,xintongsong,1
cckellogg,yanghua,1
cckellogg,zjuwangg,1
cesarsotovalero,tisonkun,1
ch33hau,fhueske,1
ch33hau,thvasilo,1
ch33hau,zentol,1
camilesing,XBaith,1
bytesandwich,XComp,1
blublinsky,JTaky,1
bringtree,tillrohrmann,1
blublinsky,binygreenberg,1
bmeriaux,aljoscha,1
bmeriaux,azagrebin,1
bmeriaux,yanghua,1
bowenli86,Aitozi,1
bowenli86,GJL,1
bowenli86,Johnlon,1
bowenli86,casidiablo,1
bowenli86,danny0405,1
bowenli86,docete,1
bowenli86,fpompermaier,1
bowenli86,hequn8128,1
bowenli86,isunjin,1
bowenli86,juergenthomann,1
bowenli86,libenchao,1
bowenli86,sihuazhou,1
bowenli86,sunjincheng121,1
bowenli86,tisonkun,1
bowenli86,yanghua,1
bowenli86,zoudaokoulife,1
brachi-wernick,Airblader,1
brandonJY,zentol,1
brandonbevans,sjwiesman,1
azagrebin,eliaslevy,1
azagrebin,dawidwys,1
azagrebin,bowenli86,1
aljoscha,qinjunjerry,1
aljoscha,sunjincheng121,1
aljoscha,tedyu,1
aljoscha,wangyang0918,1
aljoscha,wenlong88,1
aljoscha,xintongsong,1
aljoscha,yanghua,1
aljoscha,zhuzhurk,1
aljoscha,zjffdu,1
alkagin,mxm,1
aloyszhang,Myasuka,1
aloyszhang,tillrohrmann,1
aloyszhang,twalthr,1
alpinegizmo,1u0,1
alpinegizmo,KarmaGYZ,1
alpinegizmo,bowenli86,1
alpinegizmo,knaufk,1
alpinegizmo,morsapaes,1
alpinegizmo,mxm,1
alpinegizmo,rmetzger,1
alpinegizmo,twalthr,1
alpinegizmo,tzulitai,1
alpreu,JingGe,1
alpreu,KarmaGYZ,1
aljoscha,sihuazhou,1
aljoscha,jinxing64,1
azagrebin,StephanEwen,1
aljoscha,igalshilman,1
akalash,tillrohrmann,1
akalash,vthinkxie,1
akalash,wsry,1
akalash,xintongsong,1
akalash,zjureel,1
alexeyt820,allenxwang,1
alexeyt820,azagrebin,1
alexeyt820,dawidwys,1
alexeyt820,fhueske,1
alexeyt820,stevenzwu,1
alexeyt820,yanghua,1
alexpf,tzulitai,1
alibahadirzeybek,sjwiesman,1
aljoscha,1u0,1
aljoscha,Myasuka,1
aljoscha,NicoK,1
aljoscha,bowenli86,1
aljoscha,cewood,1
aljoscha,chenqin,1
aljoscha,debasishg,1
aljoscha,echauchot,1
aljoscha,fhueske,1
aljoscha,ifndef-SleePy,1
alpreu,XComp,1
alpreu,hackergin,1
alpreu,matriv,1
alpreu,tillrohrmann,1
ashwinkolhatkar,tillrohrmann,1
asicoe,fhueske,1
asicoe,zentol,1
atptour2017,dianfu,1
attachmentgenie,uce,1
austince,aljoscha,1
austince,dawidwys,1
austince,rmetzger,1
austince,senegalo,1
authuir,klion26,1
autodidacticon,zentol,1
autophagy,Airblader,1
autophagy,Myasuka,1
autophagy,dmvk,1
autophagy,fapaul,1
autophagy,tillrohrmann,1
ayushtkn,JingsongLi,1
ayushtkn,dawidwys,1
ayushtkn,docete,1
ayushtkn,tillrohrmann,1
azagrebin,1u0,1
azagrebin,Clarkkkkk,1
azagrebin,Jiayi-Liao,1
ashulin,PatrickRen,1
ashulin,MartijnVisser,1
ashangit,GJL,1
anlen321,wuchong,1
amalakar,twalthr,1
ambition119,tillrohrmann,1
ammar1x,rmetzger,1
an0,alpinegizmo,1
an0,tzulitai,1
andbul,dawidwys,1
andbul,gaoyunhaii,1
andrew-half,walterddr,1
andrew-half,zentol,1
anlen321,leonardBang,1
anlen321,zhisheng17,1
arunans23,zentol,1
anonymouscodeholic,Myasuka,1
anonymouscodeholic,carp84,1
apivovarov,fhueske,1
appleyuchi,V1ncentzzZ,1
archzi,zentol,1
arianacai1997,MartijnVisser,1
aroch,rmetzger,1
art4ul,JingsongLi,1
art4ul,hequn8128,1
art4ul,kl0u,1
RocMarshal,fsk119,1
RocMarshal,alpinegizmo,1
RocMarshal,RyanSkraba,1
FuyaoLi2017,zentol,1
GJL,StefanRRichter,1
GJL,azagrebin,1
GJL,cewood,1
GJL,dawidwys,1
GJL,gaoyunhaii,1
GJL,rmetzger,1
GJL,satybald,1
GJL,shuai-xu,1
GJL,tisonkun,1
GJL,uce,1
GOODBOY008,RyanSkraba,1
GOODBOY008,gaoyunhaii,1
GOODBOY008,leonardBang,1
GOODBOY008,tillrohrmann,1
GOODBOY008,tsreaper,1
GOODBOY008,wuchong,1
GatsbyNewton,KurtYoung,1
Gee777,aljoscha,1
Gmoonnight,leonardBang,1
Gmoonnight,wuchong,1
Godlumen,zentol,1
Guibo-Pan,bowenli86,1
Guibo-Pan,pnowojski,1
GEOFBOT,zentol,1
FuyaoLi2017,wangyang0918,1
GuokuaiHuang,pnowojski,1
FuyaoLi2017,tillrohrmann,1
EchoLee5,kl0u,1
EchoLee5,pnowojski,1
EelisK,dianfu,1
ElliotVilhelm,klion26,1
EronWright,AHeise,1
EronWright,Makman2,1
Etienne-Carriere,1u0,1
EugeneYushin,kl0u,1
EugeneYushin,tweise,1
FaxianZhao,hequn8128,1
FaxianZhao,klion26,1
FaxianZhao,walterddr,1
Fin-chan,twalthr,1
FiveAgo,MartijnVisser,1
Flyangz,klion26,1
Flyangz,tillrohrmann,1
Flyangz,wuchong,1
Fokko,aljoscha,1
Fokko,tillrohrmann,1
Fokko,tisonkun,1
Fokko,tzulitai,1
FredTing,aljoscha,1
FredTing,dawidwys,1
Guibo-Pan,xccui,1
HeartSaVioR,fhueske,1
RocMarshal,JingsongLi,1
HuangZhenQiu,rmetzger,1
HuangZhenQiu,twalthr,1
HuangZhenQiu,zehuaiWANG,1
HuangZhenQiu,zhijiangW,1
HungUnicorn,rmetzger,1
HungUnicorn,tzulitai,1
JTaky,Nieal-Yang,1
JTaky,aljoscha,1
JackWangCS,EronWright,1
JackWangCS,SteNicholas,1
JackWangCS,XComp,1
JackWangCS,mbalassi,1
JackWangCS,wuchong,1
JackWangCS,zuston,1
JaryZhen,hequn8128,1
JaryZhen,twalthr,1
JasonLeeCoding,Airblader,1
JavaPentesters,leonardBang,1
JerryYue-M,tillrohrmann,1
Jiayi-Liao,GJL,1
Jiayi-Liao,JingsongLi,1
Jiayi-Liao,KarmaGYZ,1
Jiayi-Liao,KurtYoung,1
Jiayi-Liao,StephanEwen,1
HuangZhenQiu,tisonkun,1
HuangZhenQiu,rkhachatryan,1
Hongbo-Miao,MartijnVisser,1
HuangZhenQiu,pnowojski,1
Huachao,wuchong,1
HuangWHWHW,RalphSu,1
HuangXingBo,Airblader,1
HuangXingBo,JingsongLi,1
HuangXingBo,SteNicholas,1
HuangXingBo,godfreyhe,1
HuangXingBo,klion26,1
HuangXingBo,twalthr,1
HuangXingBo,wuchong,1
HuangXingBo,zentol,1
HuangXingBo,zjffdu,1
HuangZhenQiu,GJL,1
HuangZhenQiu,KarmaGYZ,1
HuangZhenQiu,KurtYoung,1
HuangZhenQiu,a10y,1
HuangZhenQiu,cvasii,1
HuangZhenQiu,danny0405,1
HuangZhenQiu,docete,1
HuangZhenQiu,fpompermaier,1
HuangZhenQiu,kl0u,1
HuangZhenQiu,klion26,1
HuangZhenQiu,lamberken,1
HuangZhenQiu,lvhuyen,1
EchoLee5,Myasuka,1
EAlexRojas,tzulitai,1
EAlexRojas,tedyu,1
AT-Fieldless,pnowojski,1
AT-Fieldless,xintongsong,1
AT-Fieldless,zoudaokoulife,1
Acesine,tzulitai,1
Aegeaner,twalthr,1
Aegeaner,tzulitai,1
Airblader,codecholeric,1
Airblader,sjwiesman,1
Airblader,tsreaper,1
Airblader,wenlong88,1
Airblader,wuchong,1
Airblader,xintongsong,1
Aitozi,Clarkkkkk,1
Aitozi,KarmaGYZ,1
Aitozi,StefanRRichter,1
Aitozi,carp84,1
Aitozi,cc13ny,1
Aitozi,healchow,1
Aitozi,sihuazhou,1
Aitozi,sunjincheng121,1
Aitozi,tzulitai,1
Aitozi,wenlong88,1
Aitozi,zhangminglei,1
AjaxXu,tsreaper,1
AT-Fieldless,wuchong,1
AHeise,twalthr,1
Draczech,zentol,1
AHeise,morsapaes,1
123avi,hequn8128,1
1996fanrui,AHeise,1
1996fanrui,klion26,1
1996fanrui,sjwiesman,1
1996fanrui,wsry,1
1996fanrui,xintongsong,1
1u0,Aitozi,1
1u0,alpinegizmo,1
1u0,kl0u,1
1u0,uce,1
1u0,zhijiangW,1
2011aad,JingsongLi,1
2011aad,tsreaper,1
2start,zentol,1
397090770,tzulitai,1
95chenjz,PatrickRen,1
95chenjz,movesan,1
95chenjz,wuchong,1
A412,tillrohrmann,1
AHeise,XComp,1
AHeise,crazyzhou,1
AHeise,curcur,1
AHeise,dianfu,1
AkisAya,lirui-apache,1
AkisAya,wuchong,1
AlexanderKoltsov,fhueske,1
AlexanderShoshin,fhueske,1
CrynetLogistics,MartijnVisser,1
CrynetLogistics,nuno-c-afonso,1
CrynetLogistics,pnowojski,1
CrynetLogistics,sjwiesman,1
CrynetLogistics,sthm,1
CrynetLogistics,z3d1k,1
CrynetLogistics,zentol,1
DG-Wangtao,klion26,1
DG-Wangtao,rkhachatryan,1
DashShen,JingsongLi,1
DashShen,leonardBang,1
DashShen,openinx,1
DashShen,rmetzger,1
DashShen,wuchong,1
DefuLi,MartijnVisser,1
DeliangFan,tillrohrmann,1
DinoZhang,XComp,1
DinoZhang,vthinkxie,1
DmitryKober,ex00,1
DmitryKober,kenmy,1
DmytroShkvyra,fhueske,1
DmytroShkvyra,tillrohrmann,1
Draczech,dmvk,1
CrazyTomatoOo,wuchong,1
CodeCooker17,xintongsong,1
Clarkkkkk,wuchong,1
BruceWong96,Airblader,1
AlphaGarden,aljoscha,1
AnkushKhanna,AHeise,1
AnkushKhanna,afedulov,1
AnkushKhanna,alpinegizmo,1
Bekreth,zentol,1
BenJFan,MartijnVisser,1
BiGsuw,HuangXingBo,1
BiGsuw,zentol,1
BorisOsipov,mxm,1
BorisOsipov,rmetzger,1
BruceWong96,JingGe,1
Clarkkkkk,chancelq,1
BryceCicada,dianfu,1
CPS794,MartijnVisser,1
ChengkaiYang2022,MartijnVisser,1
ChengkaiYang2022,fsk119,1
ChengkaiYang2022,gaoyunhaii,1
ChengkaiYang2022,healchow,1
ChengkaiYang2022,leonardBang,1
ChengzhiZhao,StephanEwen,1
ChengzhiZhao,steveloughran,1
ChrisChinchilla,zentol,1
Jiayi-Liao,becketqin,1
Jiayi-Liao,carp84,1
Jiayi-Liao,danny0405,1
Mrart,pnowojski,1
Mrart,wangyang0918,1
Mulavar,Myasuka,1
Myasuka,AHeise,1
Myasuka,HuangXingBo,1
Myasuka,NicoK,1
Myasuka,Zakelly,1
Myasuka,akalash,1
Myasuka,alpinegizmo,1
Myasuka,bowenli86,1
Myasuka,ifndef-SleePy,1
Myasuka,infoverload,1
Myasuka,knaufk,1
Myasuka,link3280,1
Myasuka,mas-chen,1
Myasuka,masteryhx,1
Myasuka,tzulitai,1
Myasuka,xintongsong,1
Myasuka,zhijiangW,1
Myasuka,zhuzhurk,1
Myracle,akalash,1
Myracle,beyond1920,1
Myracle,dmvk,1
Myracle,luoyuxia,1
Mrart,uce,1
Mrart,Myasuka,1
MartijnVisser,infoverload,1
Mrart,1u0,1
MartijnVisser,luoyuxia,1
MartijnVisser,rkhachatryan,1
MartijnVisser,snuyanzin,1
MartijnVisser,tweise,1
Matrix42,Myasuka,1
Matrix42,kl0u,1
Matrix42,twalthr,1
Matrix42,yanghua,1
MayerRoman,tzulitai,1
MikuSugar,Airblader,1
MikuSugar,wuchong,1
MonsterChenzhuo,AHeise,1
MonsterChenzhuo,MartijnVisser,1
MonsterChenzhuo,SteNicholas,1
MonsterChenzhuo,cc13ny,1
MonsterChenzhuo,gaoyunhaii,1
MonsterChenzhuo,haohui,1
MonsterChenzhuo,nyingping,1
MonsterChenzhuo,ruanhang1993,1
MonsterChenzhuo,slinkydeveloper,1
MonsterChenzhuo,zstraw,1
Mr-Nineteen,klion26,1
MrWhiteSike,gaoyunhaii,1
Myracle,rkhachatryan,1
Myracle,zhuzhurk,1
NickBurkard,MartijnVisser,1
NickBurkard,aljoscha,1
PatrickRen,kezhuw,1
PatrickRen,lirui-apache,1
PatrickRen,mas-chen,1
PatrickRen,pnowojski,1
PatrickRen,sjwiesman,1
PatrickRen,tillrohrmann,1
PatrickRen,xiaoHoly,1
PatrickRen,xintongsong,1
PengTaoWW,KarmaGYZ,1
PengTaoWW,azagrebin,1
PierreZ,Myasuka,1
PierreZ,rmetzger,1
PoojaChandak,zentol,1
PrivateLi,zhuxiaoshang,1
PxPt,MartijnVisser,1
QingdongZeng3,rmetzger,1
RalphSu,mjsax,1
RalphSu,zentol,1
Renkai,StefanRRichter,1
Renkai,aljoscha,1
Renkai,mxm,1
Renkai,soniclavier,1
Rishi55,aljoscha,1
PatrickRen,dengziming,1
PatrickRen,cuspymd,1
PatrickRen,V1ncentzzZ,1
NicoK,isunjin,1
NickBurkard,fapaul,1
NickolayVasilishin,DmytroShkvyra,1
NickolayVasilishin,KurtYoung,1
NickolayVasilishin,tonycox,1
NickolayVasilishin,twalthr,1
NicoK,EronWright,1
NicoK,azagrebin,1
NicoK,fhueske,1
NicoK,gaoyunhaii,1
NicoK,imrel,1
NicoK,k-mack,1
PatrickRen,JingsongLi,1
NicoK,knaufk,1
NicoK,tedyu,1
NicoK,tzulitai,1
NicoK,wenlong88,1
NicoK,xintongsong,1
PChou,tillrohrmann,1
PChou,wangyang0918,1
PangZhi,fhueske,1
PangZhi,haohui,1
PangZhi,zentol,1
MartijnVisser,knaufk,1
MartijnVisser,healchow,1
Jiayi-Liao,fhueske,1
JingGe,tillrohrmann,1
JingsongLi,AHeise,1
JingsongLi,Airblader,1
JingsongLi,QiLuo-BD,1
JingsongLi,aljoscha,1
JingsongLi,fapaul,1
JingsongLi,fhueske,1
JingsongLi,fsk119,1
JingsongLi,kl0u,1
JingsongLi,klion26,1
JingsongLi,lincoln-lil,1
JingsongLi,luoyuxia,1
JingsongLi,shouweikun,1
JingsongLi,slinkydeveloper,1
JingsongLi,wenlong88,1
JingsongLi,xuefuz,1
JingsongLi,zhangjun0x01,1
JingsongLi,zjuwangg,1
John-J-Mathews,aljoscha,1
JohnTeslaa,shivaylamba,1
Johnlon,tillrohrmann,1
KKcorps,V1ncentzzZ,1
KKcorps,morsapaes,1
KarmaGYZ,SteNicholas,1
JingGe,wangyang0918,1
JingGe,slinkydeveloper,1
MartijnVisser,echauchot,1
JingGe,pnowojski,1
Jiayi-Liao,geektcp,1
Jiayi-Liao,hequn8128,1
Jiayi-Liao,hililiwei,1
Jiayi-Liao,rkhachatryan,1
Jiayi-Liao,rmetzger,1
Jiayi-Liao,sjwiesman,1
Jiayi-Liao,walterddr,1
Jiayi-Liao,wangyang0918,1
Jiayi-Liao,wsry,1
Jiayi-Liao,wuchong,1
Jiayi-Liao,xintongsong,1
Jicaar,azagrebin,1
JingGe,RyanSkraba,1
JingGe,afedulov,1
JingGe,andrewchoi5,1
JingGe,dawidwys,1
JingGe,echauchot,1
JingGe,gaoyunhaii,1
JingGe,healchow,1
JingGe,infoverload,1
JingGe,leonardBang,1
JingGe,lindong28,1
JingGe,matriv,1
KarmaGYZ,StefanRRichter,1
KarmaGYZ,TaoYang526,1
KarmaGYZ,XComp,1
KarmaGYZ,alpinegizmo,1
Leeviiii,NicoK,1
Leeviiii,XuQianJin-Stars,1
Leeviiii,klion26,1
Leeviiii,twalthr,1
Leo1993Java,libenchao,1
Li-Aihua,carp84,1
Li-Aihua,hequn8128,1
LinyuYao1021,hhkkxxx133,1
Littlebus,xintongsong,1
LongWangXX,MartijnVisser,1
LongWangXX,RocMarshal,1
LongWangXX,luoyuxia,1
Loyilee,Airblader,1
Loyilee,fsk119,1
LululuAlu,wuchong,1
Luxios22,JingsongLi,1
MGloder,tillrohrmann,1
MGloder,tisonkun,1
Makman2,EronWright,1
MartijnVisser,HuangXingBo,1
MartijnVisser,PatrickRen,1
MartijnVisser,SteNicholas,1
MartijnVisser,dawidwys,1
LeeJiangchuan,tillrohrmann,1
Launche,tsreaper,1
LakeShen,wuchong,1
KevinyhZou,lirui-apache,1
KarmaGYZ,curcur,1
KarmaGYZ,dawidwys,1
KarmaGYZ,hequn8128,1
KarmaGYZ,klion26,1
KarmaGYZ,leonardBang,1
KarmaGYZ,pnowojski,1
KarmaGYZ,snuyanzin,1
KarmaGYZ,vthinkxie,1
KevinZwx,tillrohrmann,1
KevinyhZou,leonardBang,1
KevinyhZou,wuchong,1
LakeShen,wanglijie95,1
KurtYoung,dawidwys,1
KurtYoung,greghogan,1
KurtYoung,lirui-apache,1
KyleZhang0536,wuchong,1
LadyForest,SteNicholas,1
LadyForest,alexandru-tetelea,1
LadyForest,dianfu,1
LadyForest,zentol,1
LakeShen,XBaith,1
LakeShen,klion26,1
chancelq,Myasuka,1
chancelq,wuchong,1
manner,LeonBein,1
jrthe42,sihuazhou,1
jrthe42,walterddr,1
jrthe42,yanghua,1
jskrnbindra,XComp,1
jskrnbindra,shivaylamba,1
jsycdut,aljoscha,1
juangentile,tillrohrmann,1
juha-aiven,Thesharing,1
juha-mynttinen-king,anonymouscodeholic,1
juha-mynttinen-king,carp84,1
jvimr,zentol,1
jxeditor,tillrohrmann,1
kaelumania,greghogan,1
kaelumania,mxm,1
kai-chi,zentol,1
kaicao,twalthr,1
kailashhd,tzulitai,1
kakaroto928,wuchong,1
kalmanchapman,kateri1,1
kanata163,MartijnVisser,1
kanata163,wuchong,1
kbohinski,AHeise,1
kbohinski,vthinkxie,1
kdombeck,clarkyzl,1
jrthe42,tisonkun,1
jrthe42,hequn8128,1
kenmy,fhueske,1
jrthe42,fhueske,1
jinmingjian,tzulitai,1
jinmingjian,zentol,1
jinxing64,pnowojski,1
jjiey,RocMarshal,1
jniocheCF,fhueske,1
joemoe,Airblader,1
joemoe,XComp,1
joemoe,afedulov,1
joemoe,gaoyunhaii,1
joerg84,sachingoel0101,1
joerg84,tillrohrmann,1
joey,dawidwys,1
joey,tillrohrmann,1
john-karp,CrynetLogistics,1
john-karp,fapaul,1
joseprupi,greghogan,1
josh0yeh,gyfora,1
josh0yeh,wangyang0918,1
josh0yeh,xintongsong,1
jparkie,azagrebin,1
jparkie,vtkstef,1
jparkie,zentol,1
jrthe42,GJL,1
kenmy,StephanEwen,1
kenmy,greghogan,1
knaufk,StefanRRichter,1
kl0u,kezhuw,1
kl0u,lirui-apache,1
kl0u,nssalian,1
kl0u,sihuazhou,1
kl0u,tweise,1
kl0u,wuchong,1
kl0u,yanghua,1
kl0u,yuqi1129,1
kl0u,zhijiangW,1
kl0u,zjffdu,1
kleingeist,tillrohrmann,1
klion26,AHeise,1
klion26,KarmaGYZ,1
klion26,NicoK,1
klion26,Zakelly,1
klion26,ehabqadah,1
klion26,gyfora,1
klion26,link3280,1
klion26,streaming-olap,1
klion26,twentyworld,1
klion26,zlzhang0122,1
klistopad,tillrohrmann,1
kmurra,twalthr,1
knaufk,MartijnVisser,1
kl0u,klion26,1
kl0u,gaoyunhaii,1
kevinzkb,StephanEwen,1
kisimple,zhijiangW,1
kevinzkb,fhueske,1
kevinzkb,twalthr,1
kevinzkb,wuchong,1
kevinzkb,zentol,1
kezhuw,XComp,1
kezhuw,aljoscha,1
kezhuw,becketqin,1
kezhuw,rkhachatryan,1
kezhuw,zentol,1
kgorman,twalthr,1
kien-truong,cuspymd,1
killxdcj,AHeise,1
killxdcj,KarmaGYZ,1
kingbase,zhijiangW,1
kirill-morozov-epam,fhueske,1
kirill-morozov-epam,zentol,1
kiritsuku,tzulitai,1
kisimple,azagrebin,1
kisimple,kl0u,1
kisimple,medcv,1
kisimple,tillrohrmann,1
kisimple,tzulitai,1
kisimple,yanghua,1
jihyun,kl0u,1
jiasheng55,lingya,1
jiasheng55,kl0u,1
huxixiang,movesan,1
huzk8,XComp,1
huzk8,azagrebin,1
hwanju,XComp,1
hwanju,mxm,1
hwanju,pnowojski,1
hwanju,rmetzger,1
hwanju,zentol,1
hzyuemeng1,aljoscha,1
ideal,tillrohrmann,1
ifndef-SleePy,Aitozi,1
ifndef-SleePy,guoweiM,1
ifndef-SleePy,rmetzger,1
ifndef-SleePy,wuchong,1
igalshilman,StefanRRichter,1
igalshilman,zentol,1
ijuma,yanghua,1
imaffe,AHeise,1
imaffe,PatrickRen,1
infoverload,JingGe,1
infoverload,dawidwys,1
infoverload,gaborgsomogyi,1
infoverload,matriv,1
infoverload,sjwiesman,1
huxixiang,tsreaper,1
huxixiang,RocMarshal,1
jiasheng55,V1ncentzzZ,1
huwh,libenchao,1
hililiwei,dawidwys,1
hililiwei,leonardBang,1
hililiwei,tashoyan,1
hililiwei,tsreaper,1
hililiwei,twalthr,1
hililiwei,zentol,1
hiroakiy,Guibo-Pan,1
hiroakiy,azagrebin,1
hongshuboy,MartijnVisser,1
hongshuboy,alpreu,1
hongshuboy,knaufk,1
hongtao12310,KurtYoung,1
hongtao12310,lirui-apache,1
hongtao12310,xuefuz,1
hongtao12310,zjuwangg,1
hongyuhong,shijinkui,1
hongyuhong,sunjincheng121,1
horacehylee,xintongsong,1
houmaozheng,fsk119,1
houmaozheng,wuchong,1
hstdream,luoyuxia,1
humengyu2012,wuchong,1
huwh,MartijnVisser,1
is,SteNicholas,1
is,dianfu,1
isunjin,Ryantaocer,1
isunjin,f7753,1
jelly-1203,wenlong88,1
jelly-1203,xuyangzhong,1
jelmerk,aljoscha,1
jelmerk,leesf,1
jelmerk,tillrohrmann,1
jelmerk,zentol,1
jerry-024,Myasuka,1
jerry-024,azagrebin,1
jerry-024,kevinzkb,1
0xparashar,tzulitai,1
jerrypeng,srkukarni,1
jgrier,aljoscha,1
jherico,Airblader,1
jherico,MartijnVisser,1
jherico,PatrickRen,1
jherico,dannycranmer,1
jherico,hhkkxxx133,1
jiangxin369,zentol,1
jianyun8023,AHeise,1
jianyun8023,fapaul,1
jianyun8023,imaffe,1
jianyun8023,nlu90,1
jiaoqingbo,wuchong,1
jelly-1203,godfreyhe,1
jelly-1203,biyuhao,1
jeis2497052,zentol,1
izhangzhihao,tillrohrmann,1
isunjin,shuai-xu,1
isunjin,tillrohrmann,1
isunjin,tisonkun,1
isunjin,wenlong88,1
isunjin,xndai,1
isunjin,yingdachen,1
isunjin,zhijiangW,1
itinycheng,KurtYoung,1
itinycheng,lirui-apache,1
iyupeng,KurtYoung,1
izualzhy,sjwiesman,1
jeis2497052,greghogan,1
izualzhy,wuchong,1
jPrest,tillrohrmann,1
jackwener,hililiwei,1
jackwener,wuchong,1
jacobsevart,tillrohrmann,1
jakob-ed,fapaul,1
jameslafa,zentol,1
jaxbihani,greghogan,1
jay-li-csck,Myasuka,1
jdm2212,tillrohrmann,1
knaufk,NicoK,1
knaufk,StephanEwen,1
chaojianok,AngleNet,1
liuyongvs,wangyang0918,1
liuyufei9527,carp84,1
liuyufei9527,godfreyhe,1
liuyuzhong,StephanEwen,1
liuyuzhong7,StephanEwen,1
liuyuzhong7,zentol,1
liuzhixing1006,geektcp,1
liuzhixing1006,wuchong,1
liuzhuang2017,RocMarshal,1
lixmgl,Myasuka,1
lixmgl,tillrohrmann,1
lixmgl,wangyang0918,1
liyafan82,Aitozi,1
liyafan82,KurtYoung,1
liyafan82,Myasuka,1
liyafan82,StefanRRichter,1
liyafan82,Xpray,1
liyafan82,chunweilei,1
liyafan82,dawidwys,1
liyafan82,gauravtiwari89,1
liyafan82,wuchong,1
liying919,klion26,1
liyubin117,Airblader,1
liyubin117,JingsongLi,1
liuyufei9527,Myasuka,1
liuyongvs,tillrohrmann,1
liyubin117,RocMarshal,1
liuyongvs,snuyanzin,1
liuml07,Myasuka,1
liuml07,cody195,1
liupc,KurtYoung,1
liupc,dianfu,1
liupc,hequn8128,1
liupc,klion26,1
liupc,tisonkun,1
liupc,twalthr,1
liupc,wuchong,1
liupc,zhuzhurk,1
liurenjie1024,tillrohrmann,1
liurenjie1024,twalthr,1
liurenjie1024,walterddr,1
liurenjie1024,xccui,1
liurenjie1024,xhumanoid,1
liuxianjiao,tillrohrmann,1
liuyanpunk,wuchong,1
liuyongvs,Airblader,1
liuyongvs,KarmaGYZ,1
liuyongvs,KurtYoung,1
liuyongvs,carp84,1
liuyongvs,kl0u,1
liuyongvs,rmetzger,1
liyubin117,MartijnVisser,1
liyubin117,XBaith,1
knaufk,aljoscha,1
lsyldliu,tsreaper,1
lsyldliu,zentol,1
lujiefsi,zentol,1
luojiangyu,zentol,1
luoyuxia,MartijnVisser,1
luoyuxia,hehuiyuan,1
luoyuxia,leonardBang,1
luoyuxia,wuchong,1
luvex,wuchong,1
lvhuyen,guoweiM,1
lw-lin,zentol,1
lzqdename,StefanRRichter,1
lzqdename,tisonkun,1
lzshlzsh,KarmaGYZ,1
lzshlzsh,xintongsong,1
lzy3261944,wuchong,1
magicWyb,RocMarshal,1
maheshsenni,zentol,1
makeyang,StefanRRichter,1
malcolmtaylor,haohui,1
malcolmtaylor,tillrohrmann,1
malcolmtaylor,zentol,1
manbuyun,tillrohrmann,1
manbuyun,xintongsong,1
lsyldliu,uglymagic,1
lsyldliu,leonardBang,1
liyubin117,libenchao,1
lsyldliu,beyond1920,1
liyubin117,wuchong,1
liyubin117,zentol,1
lmagic233,beyond1920,1
lmagic233,wenlong88,1
lmagic233,wuchong,1
lmalds,fhueske,1
lombarde,aljoscha,1
lombarde,tdbgamer,1
lometheus,akalash,1
lometheus,dianfu,1
lometheus,pnowojski,1
lonerzzz,aljoscha,1
lonerzzz,zentol,1
lord-i-will,klion26,1
lovelock,Airblader,1
lovewin99,gaoyunhaii,1
lqjack,Airblader,1
lqjack,SteNicholas,1
lqjack,pnowojski,1
lqjack,tillrohrmann,1
lsyldliu,JingsongLi,1
lsyldliu,Myasuka,1
lsyldliu,RocMarshal,1
liufangqi,zuston,1
liufangqi,deadwind4,1
liufangqi,AHeise,1
lamberken,dawidwys,1
lamberken,hequn8128,1
lamberken,klion26,1
lamberken,nekrassov,1
lamberken,walterddr,1
lavkesh,tillrohrmann,1
leanken-zz,GJL,1
leanken-zz,StefanRRichter,1
leanken-zz,tillrohrmann,1
leesf,Fokko,1
leesf,StefanRRichter,1
leesf,aljoscha,1
leesf,azagrebin,1
leesf,becketqin,1
leesf,klion26,1
leesf,mikeholler,1
leesf,tisonkun,1
leesf,walterddr,1
leizhou666,MartijnVisser,1
leo65535,knaufk,1
leonardBang,StephanEwen,1
leonardBang,abidaJustice,1
leonardBang,beyond1920,1
leonardBang,gaoyunhaii,1
lamberken,fhueske,1
lamberken,StephanEwen,1
liu-zhaokun,tillrohrmann,1
lamberken,Myasuka,1
knaufk,alpinegizmo,1
knaufk,bgeng777,1
knaufk,carp84,1
knaufk,kl0u,1
knaufk,matriv,1
knaufk,pnowojski,1
knaufk,rmetzger,1
knaufk,sunjincheng121,1
knaufk,uce,1
knaufk,zjuwangg,1
koonchen,wuchong,1
kottmann,rmetzger,1
kottmann,zentol,1
kougazhang,leonardBang,1
kougazhang,wuchong,1
kpapadopoul,fhueske,1
kpapadopoul,walterddr,1
krasinski,tillrohrmann,1
krasinski,walterddr,1
kylemeow,rmetzger,1
kylemeow,tillrohrmann,1
l0n3r4n83r,zentol,1
lamberken,GJL,1
leonardBang,morsapaes,1
leonardBang,xintongsong,1
leonardBang,zentol,1
lgo,Aitozi,1
link3280,Myasuka,1
link3280,NicoK,1
link3280,XComp,1
link3280,aubdiy,1
link3280,carp84,1
link3280,fsk119,1
link3280,knaufk,1
link3280,leonardBang,1
link3280,walterddr,1
link3280,xintongsong,1
link3280,zoudaokoulife,1
linyiqun,Fokko,1
lipusheng,JingGe,1
lipusheng,MartijnVisser,1
lipusheng,fapaul,1
lirui-apache,StephanEwen,1
lirui-apache,anilprabhala,1
lirui-apache,docete,1
lirui-apache,libenchao,1
lirui-apache,rmetzger,1
lirui-apache,synckey,1
lishim,joerg84,1
liu-zhaokun,rmetzger,1
link3280,MartijnVisser,1
link3280,KarmaGYZ,1
link3280,JingsongLi,1
liming30,dawidwys,1
lgo,Myasuka,1
lgo,curcur,1
libenchao,KarmaGYZ,1
libenchao,hequn8128,1
libenchao,twalthr,1
libenchao,vthinkxie,1
libenchao,xintongsong,1
lightghli,Airblader,1
lihongliustc,fhueske,1
liming30,Myasuka,1
liming30,pnowojski,1
linjun007,zentol,1
liming30,rkhachatryan,1
lincoln-lil,danny0405,1
lincoln-lil,fsk119,1
lincoln-lil,suez1224,1
lindong28,StephanEwen,1
lindong28,becketqin,1
lindong28,dianfu,1
lindong28,fapaul,1
lingjinjiang,greghogan,1
linjun007,GJL,1
hililiwei,alpinegizmo,1
hililiwei,Airblader,1
hililiwei,AHeise,1
dianfu,tedyu,1
diego-carvallo-tx,tweise,1
dijiekstra,wuchong,1
dijkwxyz,XBaith,1
dijkwxyz,gaoyunhaii,1
diohabara,XComp,1
diohabara,tillrohrmann,1
dixingxing0,lirui-apache,1
dixingxing0,wuchong,1
dkkb,gaoyunhaii,1
dmvk,AHeise,1
dmvk,Aitozi,1
dmvk,NicoK,1
dmvk,akalash,1
dmvk,dannycranmer,1
dmvk,dawidwys,1
dmvk,edu05,1
dmvk,kl0u,1
dmvk,nicoweidner,1
dmvk,syhily,1
dmvk,tisonkun,1
dmvk,twalthr,1
dmvk,xintongsong,1
dnutiu,wangyang0918,1
dianfu,xccui,1
dianfu,pnowojski,1
docete,fhueske,1
dianfu,kl0u,1
ddolzan,fpompermaier,1
ddolzan,rmetzger,1
ddolzan,zentol,1
deadwind4,Myasuka,1
deadwind4,alpreu,1
deadwind4,fapaul,1
deadwind4,hsaputra,1
deadwind4,leonardBang,1
deadwind4,luoyuxia,1
deadwind4,rkhachatryan,1
deadwind4,syhily,1
defineqq,MartijnVisser,1
delding,fhueske,1
dengziming,alpreu,1
dengziming,fapaul,1
dengziming,tillrohrmann,1
dependabot,Airblader,1
dforciea,twalthr,1
dforciea,wuchong,1
dianfu,JingsongLi,1
dianfu,StephanEwen,1
dianfu,fhueske,1
dianfu,godfreyhe,1
docete,dawidwys,1
docete,leonardBang,1
highfei2011,wuchong,1
echauchot,becketqin,1
echauchot,fapaul,1
echauchot,gaoyunhaii,1
echauchot,mzuehlke,1
echauchot,rkhachatryan,1
echauchot,rmetzger,1
echauchot,tisonkun,1
ecmarsh,klion26,1
edmondsky,95chenjz,1
edmondsky,RocMarshal,1
edmondsky,wuchong,1
edu05,dmvk,1
edu05,pnowojski,1
edu05,rkhachatryan,1
edu05,rmetzger,1
edu05,tillrohrmann,1
edu05,zentol,1
elbaulp,tillrohrmann,1
elbaulp,yanghua,1
empcl,healchow,1
eogramow,kl0u,1
ericliuk,zentol,1
eskabetxe,gyfora,1
eskabetxe,leonardBang,1
echauchot,dmvk,1
echauchot,XComp,1
docete,libenchao,1
echauchot,JingsongLi,1
docete,lirui-apache,1
docete,shaoxuan-wang,1
docete,tsreaper,1
docete,xuefuz,1
dongxuwang,wuchong,1
drummerwolli,vthinkxie,1
dubin555,sunjincheng121,1
dubin555,twalthr,1
dyanarose,bowenli86,1
dyanarose,sunjincheng121,1
dyanarose,tweise,1
dyanarose,walterddr,1
dyanarose,zentol,1
eaglewatcherwb,OlegZhukov,1
eaglewatcherwb,azagrebin,1
eaglewatcherwb,dawidwys,1
eaglewatcherwb,shuai-xu,1
eaglewatcherwb,zentol,1
eamontaaffe,zentol,1
eastcirclek,EronWright,1
eastcirclek,tillrohrmann,1
ecerulm,JingsongLi,1
echauchot,HuangZhenQiu,1
dbrinegar,zentol,1
dbrinegar,chrisdail,1
dawidwys,zjuwangg,1
chummyhe89,tisonkun,1
chunjef,tisonkun,1
cjjxfli,healchow,1
cjolif,tzulitai,1
cjolif,yew1eb,1
cmick,SteNicholas,1
cmick,austince,1
cmick,tillrohrmann,1
coheigea,StephanEwen,1
coheigea,zentol,1
complone,Myasuka,1
confucianzuoyuan,wuchong,1
coolderli,Myasuka,1
cpugputpu,zhuzhurk,1
crazyzhou,becketqin,1
crazyzhou,ruanhang1993,1
crazyzhou,wuchong,1
cshuo,RocMarshal,1
cshuo,leonardBang,1
cshuo,snuyanzin,1
cshuo,zjuwangg,1
ctamisier,zentol,1
cuibo01,MartijnVisser,1
cuibo01,RyanSkraba,1
chunjef,tillrohrmann,1
chummyhe89,azagrebin,1
dawidwys,sunjincheng121,1
chucheng92,gaoyunhaii,1
chaojianok,klion26,1
chaojianok,leonardBang,1
chaozwn,Airblader,1
chaozwn,danny0405,1
chendonglin521,1u0,1
chendonglin521,Myasuka,1
chendonglin521,zhuzhurk,1
chenqin,AHeise,1
chenxyz707,MartijnVisser,1
chenxyz707,fapaul,1
chenzihao5,MartijnVisser,1
chenzihao5,gaoyunhaii,1
chenzihao5,hackergin,1
chenzihao5,xuyangzhong,1
chermenin,KurtYoung,1
chermenin,fhueske,1
chermenin,mxm,1
chermenin,tzulitai,1
chermenin,wuchong,1
chinmayms,stevenzwu,1
chrislan815,tillrohrmann,1
chuanlei,tillrohrmann,1
chucheng92,StephanEwen,1
cuibo01,hililiwei,1
cun8cun8,Vancior,1
curcur,Airblader,1
curcur,Myasuka,1
darionyaphet,twalthr,1
datayjz,Myasuka,1
datayjz,wuchong,1
dawidwys,1u0,1
dawidwys,Aitozi,1
dawidwys,Jiayi-Liao,1
dawidwys,SteNicholas,1
dawidwys,StefanRRichter,1
dawidwys,XuPingyong,1
dawidwys,alpinegizmo,1
dawidwys,azagrebin,1
dawidwys,clarkyzl,1
dawidwys,hequn8128,1
dawidwys,ifndef-SleePy,1
dawidwys,infoverload,1
dawidwys,klion26,1
dawidwys,leonardBang,1
dawidwys,libenchao,1
dawidwys,lindong28,1
dawidwys,lirui-apache,1
dawidwys,mayuehappy,1
dawidwys,medcv,1
dawidwys,ssquan,1
dannycranmer,twalthr,1
dannycranmer,fapaul,1
dannycranmer,aalexandrov,1
danmagyar,zentol,1
curcur,akalash,1
curcur,carp84,1
curcur,gaoyunhaii,1
curcur,zentol,1
curcur,zhuzhurk,1
cxiiiiiii,wuchong,1
cyq89051127,twalthr,1
damjad,aljoscha,1
danbosnichill,tillrohrmann,1
danmagyar,tillrohrmann,1
danny0405,Huanli-Meng,1
danny0405,zjuwangg,1
danny0405,KarlManong,1
danny0405,V1ncentzzZ,1
danny0405,aljoscha,1
danny0405,bowenli86,1
danny0405,cshuo,1
danny0405,homepy,1
danny0405,kl0u,1
danny0405,leonardBang,1
danny0405,tillrohrmann,1
danny0405,zjffdu,1
est08zw,tillrohrmann,1
est08zw,xintongsong,1
etiennecarriere,pnowojski,1
greghogan,heytitle,1
greghogan,tedyu,1
greghogan,twalthr,1
greghogan,uce,1
gsralex,KurtYoung,1
guliziduo,tisonkun,1
guoweiM,JingsongLi,1
guoweiM,StephanEwen,1
guoweiM,dawidwys,1
guoweiM,tisonkun,1
gyfora,1u0,1
gyfora,SteNicholas,1
gyfora,leonardBang,1
gyfora,tillrohrmann,1
gyfora,tisonkun,1
gyfora,twalthr,1
hackergin,Airblader,1
hackergin,RocMarshal,1
hackergin,alpreu,1
hackergin,deadwind4,1
hackergin,fapaul,1
hackergin,fsk119,1
hackergin,matriv,1
haizhou-zhao,dawidwys,1
greghogan,sunjincheng121,1
greghogan,ggevay,1
glaksh100,kl0u,1
gosubpl,tillrohrmann,1
glaksh100,tisonkun,1
glaksh100,tzulitai,1
glincow,1u0,1
glincow,tillrohrmann,1
gm7y8,XComp,1
gm7y8,azagrebin,1
gm7y8,vthinkxie,1
gmzz123,AHeise,1
gmzz123,snuyanzin,1
godfreyhe,Airblader,1
godfreyhe,V1ncentzzZ,1
godfreyhe,bowenli86,1
godfreyhe,dianfu,1
godfreyhe,fpompermaier,1
godfreyhe,fsk119,1
godfreyhe,jxeditor,1
godfreyhe,pnowojski,1
godfreyhe,sjwiesman,1
godfreyhe,sunjincheng121,1
godfreyhe,tillrohrmann,1
godfreyhe,tisonkun,1
golden-yang,fapaul,1
golden-yang,syhily,1
haizhou-zhao,stevenzwu,1
haizhou-zhao,tweise,1
hameizi,KurtYoung,1
hameizi,lirui-apache,1
hehuiyuan,twalthr,1
hejiefang,wuchong,1
heneyin,KarmaGYZ,1
heneyin,f7753,1
heneyin,klion26,1
heneyin,wuchong,1
heneyin,xintongsong,1
hequn8128,KarmaGYZ,1
hequn8128,aljoscha,1
hequn8128,bowenli86,1
hequn8128,godfreyhe,1
hequn8128,greghogan,1
hequn8128,klion26,1
hequn8128,pnowojski,1
hequn8128,shaoxuan-wang,1
hequn8128,tillrohrmann,1
heytitle,KurtYoung,1
heytitle,fhueske,1
heytitle,ggevay,1
heytitle,pnowojski,1
heytitle,zentol,1
hhkkxxx133,dannycranmer,1
hhkkxxx133,rmetzger,1
hehuiyuan,tisonkun,1
hehuiyuan,hequn8128,1
hehuiyuan,empcl,1
haohui,wuchong,1
hameizi,tillrohrmann,1
hanfeio,wuchong,1
hanwei-36,wuchong,1
haodang,carp84,1
haodang,wuchong,1
haohui,KurtYoung,1
haohui,billliuatuber,1
haohui,dianfu,1
haohui,rmetzger,1
haohui,tzulitai,1
haohui,zentol,1
hehuiyuan,azagrebin,1
hapihu,GOODBOY008,1
hapihu,gaoyunhaii,1
hapihu,tillrohrmann,1
hapihu,zck573693104,1
haseeb1431,morsapaes,1
haveanote,XComp,1
haydenzhourepo,tillrohrmann,1
hehuiyuan,JingsongLi,1
hehuiyuan,Myasuka,1
hehuiyuan,SteNicholas,1
glaksh100,tillrohrmann,1
glaksh100,fhueske,1
faaronzheng,tillrohrmann,1
fengli,tzulitai,1
ferenc-csaky,mbalassi,1
fhalim,wuchong,1
fhan688,lirui-apache,1
fhan688,luoyuxia,1
fhueske,beyond1920,1
fhueske,dawidwys,1
fhueske,haohui,1
fhueske,hustfxj,1
fhueske,kl0u,1
fhueske,lincoln-lil,1
fhueske,shaoxuan-wang,1
fhueske,suez1224,1
fhueske,walterddr,1
fhueske,zhangminglei,1
florianakos,zentol,1
florianschmidt1994,aljoscha,1
florianschmidt1994,fhueske,1
florianschmidt1994,vishalsantv,1
florianschmidt1994,xccui,1
fmthoma,bowenli86,1
fmthoma,gliu6,1
fmthoma,tillrohrmann,1
fmyblack,klion26,1
ferenc-csaky,gaborgsomogyi,1
fengli,klion26,1
glaksh100,bowenli86,1
felse,zentol,1
faaronzheng,vthinkxie,1
fangyuefy,tillrohrmann,1
fanyon,gyfora,1
fanyon,shixiaogang,1
fanyon,zentol,1
fanyon,zhangminglei,1
fanzhidongyzby,gallenvara,1
fanzhidongyzby,greghogan,1
fapaul,Myasuka,1
fapaul,PatrickRen,1
fapaul,StephanEwen,1
fapaul,afedulov,1
fapaul,cc13ny,1
fapaul,cmick,1
fapaul,dannycranmer,1
fapaul,healchow,1
fapaul,ijuma,1
fapaul,matriv,1
fapaul,mxm,1
fapaul,rmetzger,1
fapaul,tweise,1
fapaul,uce,1
fapaul,walterddr,1
fornaix,rmetzger,1
fornaix,twalthr,1
fpompermaier,StephanEwen,1
fpompermaier,aljoscha,1
gaoyunhaii,dmvk,1
gaoyunhaii,klion26,1
gaoyunhaii,sjwiesman,1
gaoyunhaii,wsry,1
gaqzcb,vijikarthi,1
gaqzcb,zhengcanbin,1
gaurav726,wenlong88,1
gauss1314,danny0405,1
gauss1314,wuchong,1
genged,kl0u,1
genged,twalthr,1
gentlewangyu,pnowojski,1
gentlewangyu,tillrohrmann,1
ggevay,fhueske,1
ggevay,mbalassi,1
ginolzh,kl0u,1
ginolzh,tillrohrmann,1
ginolzh,zentol,1
githubMJ,lirui-apache,1
gk0916,leonardBang,1
glaksh100,FaxianZhao,1
glaksh100,aljoscha,1
glaksh100,becketqin,1
gaoyunhaii,XBaith,1
gaoyunhaii,NicoK,1
gaoyunhaii,Aitozi,1
fsk119,tisonkun,1
fpompermaier,bowenli86,1
fpompermaier,twalthr,1
fpompermaier,zentol,1
fredia,RocMarshal,1
fredia,curcur,1
fsk119,LadyForest,1
fsk119,MartijnVisser,1
fsk119,dianfu,1
fsk119,libenchao,1
fsk119,smm321,1
gaborgsomogyi,cuspymd,1
gaoyunhaii,Airblader,1
gaborhermann,mbalassi,1
gaborhermann,zentol,1
galenwarren,MartijnVisser,1
galenwarren,tillrohrmann,1
galenwarren,zentol,1
gallenvara,fhueske,1
gallenvara,pnowojski,1
gaofc,JingsongLi,1
gaofeilong198810,KarmaGYZ,1
gaoyajun02,KurtYoung,1
zzh1985,wuchong,1
